2013-02-06 02:33:45.162801,0,A,t0
2013-02-06 02:33:45.162801,0,B,t0
2013-02-06 02:33:45.162801,1,B,t0
2013-02-06 02:33:45.162801,2,B,t0
2013-02-06 02:33:45.162801,3,B,t0
2013-02-06 02:33:45.162801,4,B,t0
2013-02-06 02:33:45.162801,5,B,t0
2013-02-06 02:33:45.162801,6,B,t0
2013-02-06 02:33:45.162801,7,B,t0
2013-02-06 02:33:45.162801,8,B,t0
2013-02-06 02:33:45.162801,9,B,t0
2013-02-06 02:33:45.162801,10,B,t0
2013-02-06 02:33:45.162801,11,B,t0
2013-02-06 02:33:45.162801,12,B,t0
2013-02-06 02:33:45.162801,13,B,t0
2013-02-06 02:33:45.162801,14,B,t0
2013-02-06 02:33:45.162801,15,B,t0
2013-02-06 02:33:45.162801,16,B,t0
2013-02-06 02:33:45.162801,17,B,t0
2013-02-06 02:33:45.162801,18,B,t0
2013-02-06 02:33:45.162801,19,B,t0
2013-02-06 02:33:45.162801,20,B,t0
2013-02-06 02:33:45.162801,21,B,t0
2013-02-06 02:33:45.162801,22,B,t0
2013-02-06 02:33:45.162801,23,B,t0
2013-02-06 02:33:45.162801,24,B,t0
2013-02-06 02:33:45.162801,25,B,t0
2013-02-06 02:33:45.162801,26,B,t0
2013-02-06 02:33:45.162801,27,B,t0
2013-02-06 02:33:45.162801,28,B,t0
2013-02-06 02:33:45.162801,29,B,t0
2013-02-06 02:33:45.162801,30,B,t0
2013-02-06 02:33:45.162801,31,B,t0
2013-02-06 02:33:45.162801,32,B,t0
2013-02-06 02:33:45.162801,33,B,t0
2013-02-06 02:33:45.162801,34,B,t0
2013-02-06 02:33:45.162801,35,B,t0
2013-02-06 02:33:45.162801,36,B,t0
2013-02-06 02:33:45.162801,37,B,t0
2013-02-06 02:33:45.162801,38,B,t0
2013-02-06 02:33:45.162801,39,B,t0
2013-02-06 02:33:45.162801,40,B,t0
2013-02-06 02:33:45.162801,0,C,t0
2013-02-06 02:33:45.162801,1,C,t0
2013-02-06 02:33:45.162801,2,C,t0
2013-02-06 02:33:45.162801,3,C,t0
2013-02-06 02:33:45.162801,4,C,t0
2013-02-06 02:33:45.162801,5,C,t0
2013-02-06 02:33:45.162801,6,C,t0
2013-02-06 02:33:45.162801,7,C,t0
2013-02-06 02:33:45.162801,8,C,t0
2013-02-06 02:33:45.162801,9,C,t0
2013-02-06 02:33:45.162801,10,C,t0
2013-02-06 02:33:45.162801,11,C,t0
2013-02-06 02:33:45.162801,12,C,t0
2013-02-06 02:33:45.162801,13,C,t0
2013-02-06 02:33:45.162801,14,C,t0
2013-02-06 02:33:45.162801,15,C,t0
2013-02-06 02:33:45.162801,16,C,t0
2013-02-06 02:33:45.162801,17,C,t0
2013-02-06 02:33:45.162801,18,C,t0
2013-02-06 02:33:45.162801,19,C,t0
2013-02-06 02:33:45.162801,20,C,t0
2013-02-06 02:33:45.162801,21,C,t0
2013-02-06 02:33:45.162801,22,C,t0
2013-02-06 02:33:45.162801,23,C,t0
2013-02-06 02:33:45.162801,24,C,t0
2013-02-06 02:33:45.162801,25,C,t0
2013-02-06 02:33:45.162801,26,C,t0
2013-02-06 02:33:45.162801,27,C,t0
2013-02-06 02:33:45.162801,28,C,t0
2013-02-06 02:33:45.162801,29,C,t0
2013-02-06 02:33:45.162801,30,C,t0
2013-02-06 02:33:45.162801,31,C,t0
2013-02-06 02:33:45.162801,32,C,t0
2013-02-06 02:33:45.162801,33,C,t0
2013-02-06 02:33:45.162801,34,C,t0
2013-02-06 02:33:45.162801,35,C,t0
2013-02-06 02:33:45.162801,36,C,t0
2013-02-06 02:33:45.162801,37,C,t0
2013-02-06 02:33:45.162801,38,C,t0
2013-02-06 02:33:45.162801,39,C,t0
2013-02-06 02:33:45.162801,40,C,t0
2013-02-06 02:33:45.162801,0,D,t0
2013-02-06 02:33:45.162801,1,D,t0
2013-02-06 02:33:45.162801,2,D,t0
2013-02-06 02:33:45.162801,3,D,t0
2013-02-06 02:33:45.162801,4,D,t0
2013-02-06 02:33:45.162801,5,D,t0
2013-02-06 02:33:45.162801,6,D,t0
2013-02-06 02:33:45.162801,7,D,t0
2013-02-06 02:33:45.162801,8,D,t0
2013-02-06 02:33:45.162801,9,D,t0
2013-02-06 02:33:45.162801,10,D,t0
2013-02-06 02:33:45.162801,11,D,t0
2013-02-06 02:33:45.162801,12,D,t2
2013-02-06 02:33:45.162801,13,D,t2
2013-02-06 02:33:45.162801,14,D,t2
2013-02-06 02:33:45.162801,15,D,t2
2013-02-06 02:33:45.162801,16,D,t2
2013-02-06 02:33:45.162801,17,D,t2
2013-02-06 02:33:45.162801,18,D,t2
2013-02-06 02:33:45.162801,19,D,t2
2013-02-06 02:33:45.162801,20,D,t2
2013-02-06 02:33:45.162801,21,D,t2
2013-02-06 02:33:45.162801,22,D,t2
2013-02-06 02:33:45.162801,23,D,t0
2013-02-06 02:33:45.162801,24,D,t0
2013-02-06 02:33:45.162801,25,D,t0
2013-02-06 02:33:45.162801,26,D,t0
2013-02-06 02:33:45.162801,27,D,t0
2013-02-06 02:33:45.162801,28,D,t0
2013-02-06 02:33:45.162801,29,D,t0
2013-02-06 02:33:45.162801,30,D,t0
2013-02-06 02:33:45.162801,31,D,t0
2013-02-06 02:33:45.162801,32,D,t0
2013-02-06 02:33:45.162801,33,D,t0
2013-02-06 02:33:45.162801,34,D,t0
2013-02-06 02:33:45.162801,35,D,t1
2013-02-06 02:33:45.162801,36,D,t1
2013-02-06 02:33:45.162801,37,D,t1
2013-02-06 02:33:45.162801,38,D,t1
2013-02-06 02:33:45.162801,39,D,t0
2013-02-06 02:33:45.162801,40,D,t0
2013-02-06 02:33:45.162801,0,E,t0
2013-02-06 02:33:45.162801,1,E,t1
2013-02-06 02:33:45.162801,2,E,t1
2013-02-06 02:33:45.162801,3,E,t1
2013-02-06 02:33:45.162801,4,E,t1
2013-02-06 02:33:45.162801,5,E,t0
2013-02-06 02:33:45.162801,6,E,t0
2013-02-06 02:33:45.162801,7,E,t2
2013-02-06 02:33:45.162801,8,E,t2
2013-02-06 02:33:45.162801,9,E,t2
2013-02-06 02:33:45.162801,10,E,t2
2013-02-06 02:33:45.162801,11,E,t2
2013-02-06 02:33:45.162801,12,E,t2
2013-02-06 02:33:45.162801,13,E,t2
2013-02-06 02:33:45.162801,14,E,t2
2013-02-06 02:33:45.162801,15,E,t2
2013-02-06 02:33:45.162801,16,E,t2
2013-02-06 02:33:45.162801,17,E,t2
2013-02-06 02:33:45.162801,18,E,t2
2013-02-06 02:33:45.162801,19,E,t2
2013-02-06 02:33:45.162801,20,E,t2
2013-02-06 02:33:45.162801,21,E,t2
2013-02-06 02:33:45.162801,22,E,t2
2013-02-06 02:33:45.162801,23,E,t2
2013-02-06 02:33:45.162801,24,E,t2
2013-02-06 02:33:45.162801,25,E,t2
2013-02-06 02:33:45.162801,26,E,t2
2013-02-06 02:33:45.162801,27,E,t0
2013-02-06 02:33:45.162801,28,E,t0
2013-02-06 02:33:45.162801,29,E,t1
2013-02-06 02:33:45.162801,30,E,t1
2013-02-06 02:33:45.162801,31,E,t1
2013-02-06 02:33:45.162801,32,E,t1
2013-02-06 02:33:45.162801,33,E,t1
2013-02-06 02:33:45.162801,34,E,t1
2013-02-06 02:33:45.162801,35,E,t1
2013-02-06 02:33:45.162801,36,E,t1
2013-02-06 02:33:45.162801,37,E,t1
2013-02-06 02:33:45.162801,38,E,t1
2013-02-06 02:33:45.162801,39,E,t1
2013-02-06 02:33:45.162801,40,E,t1
2013-02-06 02:33:45.162801,0,F,t2
2013-02-06 02:33:45.162801,1,F,t1
2013-02-06 02:33:45.162801,2,F,t1
2013-02-06 02:33:45.162801,3,F,t1
2013-02-06 02:33:45.162801,4,F,t1
2013-02-06 02:33:45.162801,5,F,t2
2013-02-06 02:33:45.162801,6,F,t2
2013-02-06 02:33:45.162801,7,F,t2
2013-02-06 02:33:45.162801,8,F,t2
2013-02-06 02:33:45.162801,9,F,t2
2013-02-06 02:33:45.162801,10,F,t2
2013-02-06 02:33:45.162801,11,F,t2
2013-02-06 02:33:45.162801,12,F,t2
2013-02-06 02:33:45.162801,13,F,t2
2013-02-06 02:33:45.162801,14,F,t2
2013-02-06 02:33:45.162801,15,F,t2
2013-02-06 02:33:45.162801,16,F,t2
2013-02-06 02:33:45.162801,17,F,t2
2013-02-06 02:33:45.162801,18,F,t2
2013-02-06 02:33:45.162801,19,F,t2
2013-02-06 02:33:45.162801,20,F,t2
2013-02-06 02:33:45.162801,21,F,t2
2013-02-06 02:33:45.162801,22,F,t2
2013-02-06 02:33:45.162801,23,F,t2
2013-02-06 02:33:45.162801,24,F,t2
2013-02-06 02:33:45.162801,25,F,t2
2013-02-06 02:33:45.162801,26,F,t2
2013-02-06 02:33:45.162801,27,F,t2
2013-02-06 02:33:45.162801,28,F,t2
2013-02-06 02:33:45.162801,29,F,t1
2013-02-06 02:33:45.162801,30,F,t1
2013-02-06 02:33:45.162801,31,F,t1
2013-02-06 02:33:45.162801,32,F,t1
2013-02-06 02:33:45.162801,33,F,t1
2013-02-06 02:33:45.162801,34,F,t1
2013-02-06 02:33:45.162801,35,F,t1
2013-02-06 02:33:45.162801,36,F,t1
2013-02-06 02:33:45.162801,37,F,t1
2013-02-06 02:33:45.162801,38,F,t1
2013-02-06 02:33:45.162801,39,F,t1
2013-02-06 02:33:45.162801,40,F,t1
2013-02-06 02:33:45.162801,0,G,t2
2013-02-06 02:33:45.162801,1,G,t1
2013-02-06 02:33:45.162801,2,G,t1
2013-02-06 02:33:45.162801,3,G,t1
2013-02-06 02:33:45.162801,4,G,t1
2013-02-06 02:33:45.162801,5,G,t2
2013-02-06 02:33:45.162801,6,G,t2
2013-02-06 02:33:45.162801,7,G,t2
2013-02-06 02:33:45.162801,8,G,t2
2013-02-06 02:33:45.162801,9,G,t2
2013-02-06 02:33:45.162801,10,G,t2
2013-02-06 02:33:45.162801,11,G,t2
2013-02-06 02:33:45.162801,12,G,t2
2013-02-06 02:33:45.162801,13,G,t2
2013-02-06 02:33:45.162801,14,G,t2
2013-02-06 02:33:45.162801,15,G,t2
2013-02-06 02:33:45.162801,16,G,t2
2013-02-06 02:33:45.162801,17,G,t2
2013-02-06 02:33:45.162801,18,G,t2
2013-02-06 02:33:45.162801,19,G,t2
2013-02-06 02:33:45.162801,20,G,t2
2013-02-06 02:33:45.162801,21,G,t2
2013-02-06 02:33:45.162801,22,G,t2
2013-02-06 02:33:45.162801,23,G,t2
2013-02-06 02:33:45.162801,24,G,t2
2013-02-06 02:33:45.162801,25,G,t2
2013-02-06 02:33:45.162801,26,G,t2
2013-02-06 02:33:45.162801,27,G,t2
2013-02-06 02:33:45.162801,28,G,t2
2013-02-06 02:33:45.162801,29,G,t1
2013-02-06 02:33:45.162801,30,G,t1
2013-02-06 02:33:45.162801,31,G,t1
2013-02-06 02:33:45.162801,32,G,t1
2013-02-06 02:33:45.162801,33,G,t1
2013-02-06 02:33:45.162801,34,G,t1
2013-02-06 02:33:45.162801,35,G,t1
2013-02-06 02:33:45.162801,36,G,t1
2013-02-06 02:33:45.162801,37,G,t1
2013-02-06 02:33:45.162801,38,G,t1
2013-02-06 02:33:45.162801,39,G,t1
2013-02-06 02:33:45.162801,40,G,t1
2013-02-06 02:33:45.162801,0,H,t2
2013-02-06 02:33:45.162801,1,H,t1
2013-02-06 02:33:45.162801,2,H,t1
2013-02-06 02:33:45.162801,3,H,t1
2013-02-06 02:33:45.162801,4,H,t1
2013-02-06 02:33:45.162801,5,H,t2
2013-02-06 02:33:45.162801,6,H,t2
2013-02-06 02:33:45.162801,7,H,t2
2013-02-06 02:33:45.162801,8,H,t2
2013-02-06 02:33:45.162801,9,H,t2
2013-02-06 02:33:45.162801,10,H,t2
2013-02-06 02:33:45.162801,11,H,t2
2013-02-06 02:33:45.162801,12,H,t2
2013-02-06 02:33:45.162801,13,H,t2
2013-02-06 02:33:45.162801,14,H,t2
2013-02-06 02:33:45.162801,15,H,t2
2013-02-06 02:33:45.162801,16,H,t2
2013-02-06 02:33:45.162801,17,H,t2
2013-02-06 02:33:45.162801,18,H,t2
2013-02-06 02:33:45.162801,19,H,t2
2013-02-06 02:33:45.162801,20,H,t2
2013-02-06 02:33:45.162801,21,H,t2
2013-02-06 02:33:45.162801,22,H,t2
2013-02-06 02:33:45.162801,23,H,t2
2013-02-06 02:33:45.162801,24,H,t2
2013-02-06 02:33:45.162801,25,H,t2
2013-02-06 02:33:45.162801,26,H,t2
2013-02-06 02:33:45.162801,27,H,t2
2013-02-06 02:33:45.162801,28,H,t2
2013-02-06 02:33:45.162801,29,H,t1
2013-02-06 02:33:45.162801,30,H,t1
2013-02-06 02:33:45.162801,31,H,t1
2013-02-06 02:33:45.162801,32,H,t1
2013-02-06 02:33:45.162801,33,H,t1
2013-02-06 02:33:45.162801,34,H,t1
2013-02-06 02:33:45.162801,35,H,t1
2013-02-06 02:33:45.162801,36,H,t1
2013-02-06 02:33:45.162801,37,H,t1
2013-02-06 02:33:45.162801,38,H,t1
2013-02-06 02:33:45.162801,39,H,t1
2013-02-06 02:33:45.162801,40,H,t1
2013-02-06 02:33:45.162801,0,I,t2
2013-02-06 02:33:45.162801,1,I,t1
2013-02-06 02:33:45.162801,2,I,t1
2013-02-06 02:33:45.162801,3,I,t1
2013-02-06 02:33:45.162801,4,I,t2
2013-02-06 02:33:45.162801,5,I,t2
2013-02-06 02:33:45.162801,6,I,t2
2013-02-06 02:33:45.162801,7,I,t2
2013-02-06 02:33:45.162801,8,I,t2
2013-02-06 02:33:45.162801,9,I,t2
2013-02-06 02:33:45.162801,10,I,t2
2013-02-06 02:33:45.162801,11,I,t2
2013-02-06 02:33:45.162801,12,I,t2
2013-02-06 02:33:45.162801,13,I,t2
2013-02-06 02:33:45.162801,14,I,t2
2013-02-06 02:33:45.162801,15,I,t2
2013-02-06 02:33:45.162801,16,I,t2
2013-02-06 02:33:45.162801,17,I,t2
2013-02-06 02:33:45.162801,18,I,t2
2013-02-06 02:33:45.162801,19,I,t2
2013-02-06 02:33:45.162801,20,I,t2
2013-02-06 02:33:45.162801,21,I,t2
2013-02-06 02:33:45.162801,22,I,t2
2013-02-06 02:33:45.162801,23,I,t2
2013-02-06 02:33:45.162801,24,I,t2
2013-02-06 02:33:45.162801,25,I,t2
2013-02-06 02:33:45.162801,26,I,t2
2013-02-06 02:33:45.162801,27,I,t2
2013-02-06 02:33:45.162801,28,I,t2
2013-02-06 02:33:45.162801,29,I,t2
2013-02-06 02:33:45.162801,30,I,t1
2013-02-06 02:33:45.162801,31,I,t1
2013-02-06 02:33:45.162801,32,I,t1
2013-02-06 02:33:45.162801,33,I,t1
2013-02-06 02:33:45.162801,34,I,t1
2013-02-06 02:33:45.162801,35,I,t1
2013-02-06 02:33:45.162801,36,I,t1
2013-02-06 02:33:45.162801,37,I,t1
2013-02-06 02:33:45.162801,38,I,t1
2013-02-06 02:33:45.162801,39,I,t1
2013-02-06 02:33:45.162801,40,I,t1
2013-02-06 02:33:45.162801,0,J,t2
2013-02-06 02:34:09.600951,0,A,t1
2013-02-06 02:34:09.600951,0,B,t1
2013-02-06 02:34:09.600951,1,B,t1
2013-02-06 02:34:09.600951,2,B,t1
2013-02-06 02:34:09.600951,3,B,t1
2013-02-06 02:34:09.600951,4,B,t1
2013-02-06 02:34:09.600951,5,B,t1
2013-02-06 02:34:09.600951,6,B,t1
2013-02-06 02:34:09.600951,7,B,t1
2013-02-06 02:34:09.600951,8,B,t1
2013-02-06 02:34:09.600951,9,B,t1
2013-02-06 02:34:09.600951,10,B,t1
2013-02-06 02:34:09.600951,11,B,t1
2013-02-06 02:34:09.600951,12,B,t1
2013-02-06 02:34:09.600951,13,B,t1
2013-02-06 02:34:09.600951,14,B,t1
2013-02-06 02:34:09.600951,15,B,t1
2013-02-06 02:34:09.600951,16,B,t1
2013-02-06 02:34:09.600951,17,B,t1
2013-02-06 02:34:09.600951,18,B,t1
2013-02-06 02:34:09.600951,19,B,t1
2013-02-06 02:34:09.600951,20,B,t1
2013-02-06 02:34:09.600951,21,B,t1
2013-02-06 02:34:09.600951,22,B,t1
2013-02-06 02:34:09.600951,23,B,t1
2013-02-06 02:34:09.600951,24,B,t1
2013-02-06 02:34:09.600951,25,B,t1
2013-02-06 02:34:09.600951,26,B,t1
2013-02-06 02:34:09.600951,27,B,t1
2013-02-06 02:34:09.600951,28,B,t1
2013-02-06 02:34:09.600951,29,B,t1
2013-02-06 02:34:09.600951,30,B,t1
2013-02-06 02:34:09.600951,31,B,t1
2013-02-06 02:34:09.600951,32,B,t1
2013-02-06 02:34:09.600951,33,B,t1
2013-02-06 02:34:09.600951,34,B,t1
2013-02-06 02:34:09.600951,35,B,t1
2013-02-06 02:34:09.600951,36,B,t1
2013-02-06 02:34:09.600951,37,B,t1
2013-02-06 02:34:09.600951,38,B,t1
2013-02-06 02:34:09.600951,39,B,t1
2013-02-06 02:34:09.600951,40,B,t1
2013-02-06 02:34:09.600951,0,C,t1
2013-02-06 02:34:09.600951,1,C,t1
2013-02-06 02:34:09.600951,2,C,t1
2013-02-06 02:34:09.600951,3,C,t1
2013-02-06 02:34:09.600951,4,C,t1
2013-02-06 02:34:09.600951,5,C,t1
2013-02-06 02:34:09.600951,6,C,t1
2013-02-06 02:34:09.600951,7,C,t1
2013-02-06 02:34:09.600951,8,C,t1
2013-02-06 02:34:09.600951,9,C,t1
2013-02-06 02:34:09.600951,10,C,t1
2013-02-06 02:34:09.600951,11,C,t1
2013-02-06 02:34:09.600951,12,C,t1
2013-02-06 02:34:09.600951,13,C,t1
2013-02-06 02:34:09.600951,14,C,t1
2013-02-06 02:34:09.600951,15,C,t1
2013-02-06 02:34:09.600951,16,C,t2
2013-02-06 02:34:09.600951,17,C,t2
2013-02-06 02:34:09.600951,18,C,t2
2013-02-06 02:34:09.600951,19,C,t2
2013-02-06 02:34:09.600951,20,C,t2
2013-02-06 02:34:09.600951,21,C,t2
2013-02-06 02:34:09.600951,22,C,t2
2013-02-06 02:34:09.600951,23,C,t2
2013-02-06 02:34:09.600951,24,C,t2
2013-02-06 02:34:09.600951,25,C,t2
2013-02-06 02:34:09.600951,26,C,t2
2013-02-06 02:34:09.600951,27,C,t2
2013-02-06 02:34:09.600951,28,C,t2
2013-02-06 02:34:09.600951,29,C,t2
2013-02-06 02:34:09.600951,30,C,t2
2013-02-06 02:34:09.600951,31,C,t1
2013-02-06 02:34:09.600951,32,C,t1
2013-02-06 02:34:09.600951,33,C,t1
2013-02-06 02:34:09.600951,34,C,t1
2013-02-06 02:34:09.600951,35,C,t1
2013-02-06 02:34:09.600951,36,C,t1
2013-02-06 02:34:09.600951,37,C,t1
2013-02-06 02:34:09.600951,38,C,t1
2013-02-06 02:34:09.600951,39,C,t1
2013-02-06 02:34:09.600951,40,C,t1
2013-02-06 02:34:09.600951,0,D,t1
2013-02-06 02:34:09.600951,1,D,t1
2013-02-06 02:34:09.600951,2,D,t1
2013-02-06 02:34:09.600951,3,D,t1
2013-02-06 02:34:09.600951,4,D,t1
2013-02-06 02:34:09.600951,5,D,t1
2013-02-06 02:34:09.600951,6,D,t1
2013-02-06 02:34:09.600951,7,D,t1
2013-02-06 02:34:09.600951,8,D,t1
2013-02-06 02:34:09.600951,9,D,t1
2013-02-06 02:34:09.600951,10,D,t1
2013-02-06 02:34:09.600951,11,D,t1
2013-02-06 02:34:09.600951,12,D,t1
2013-02-06 02:34:09.600951,13,D,t1
2013-02-06 02:34:09.600951,14,D,t1
2013-02-06 02:34:09.600951,15,D,t1
2013-02-06 02:34:09.600951,16,D,t2
2013-02-06 02:34:09.600951,17,D,t2
2013-02-06 02:34:09.600951,18,D,t2
2013-02-06 02:34:09.600951,19,D,t2
2013-02-06 02:34:09.600951,20,D,t2
2013-02-06 02:34:09.600951,21,D,t2
2013-02-06 02:34:09.600951,22,D,t2
2013-02-06 02:34:09.600951,23,D,t2
2013-02-06 02:34:09.600951,24,D,t2
2013-02-06 02:34:09.600951,25,D,t2
2013-02-06 02:34:09.600951,26,D,t2
2013-02-06 02:34:09.600951,27,D,t2
2013-02-06 02:34:09.600951,28,D,t2
2013-02-06 02:34:09.600951,29,D,t2
2013-02-06 02:34:09.600951,30,D,t2
2013-02-06 02:34:09.600951,31,D,t2
2013-02-06 02:34:09.600951,32,D,t2
2013-02-06 02:34:09.600951,33,D,t1
2013-02-06 02:34:09.600951,34,D,t1
2013-02-06 02:34:09.600951,35,D,t1
2013-02-06 02:34:09.600951,36,D,t1
2013-02-06 02:34:09.600951,37,D,t1
2013-02-06 02:34:09.600951,38,D,t1
2013-02-06 02:34:09.600951,39,D,t1
2013-02-06 02:34:09.600951,40,D,t1
2013-02-06 02:34:09.600951,0,E,t1
2013-02-06 02:34:09.600951,1,E,t1
2013-02-06 02:34:09.600951,2,E,t1
2013-02-06 02:34:09.600951,3,E,t1
2013-02-06 02:34:09.600951,4,E,t1
2013-02-06 02:34:09.600951,5,E,t1
2013-02-06 02:34:09.600951,6,E,t1
2013-02-06 02:34:09.600951,7,E,t1
2013-02-06 02:34:09.600951,8,E,t1
2013-02-06 02:34:09.600951,9,E,t1
2013-02-06 02:34:09.600951,10,E,t1
2013-02-06 02:34:09.600951,11,E,t0
2013-02-06 02:34:09.600951,12,E,t0
2013-02-06 02:34:09.600951,13,E,t0
2013-02-06 02:34:09.600951,14,E,t0
2013-02-06 02:34:09.600951,15,E,t0
2013-02-06 02:34:09.600951,16,E,t2
2013-02-06 02:34:09.600951,17,E,t2
2013-02-06 02:34:09.600951,18,E,t2
2013-02-06 02:34:09.600951,19,E,t2
2013-02-06 02:34:09.600951,20,E,t2
2013-02-06 02:34:09.600951,21,E,t2
2013-02-06 02:34:09.600951,22,E,t2
2013-02-06 02:34:09.600951,23,E,t2
2013-02-06 02:34:09.600951,24,E,t2
2013-02-06 02:34:09.600951,25,E,t2
2013-02-06 02:34:09.600951,26,E,t2
2013-02-06 02:34:09.600951,27,E,t2
2013-02-06 02:34:09.600951,28,E,t2
2013-02-06 02:34:09.600951,29,E,t2
2013-02-06 02:34:09.600951,30,E,t2
2013-02-06 02:34:09.600951,31,E,t2
2013-02-06 02:34:09.600951,32,E,t2
2013-02-06 02:34:09.600951,33,E,t2
2013-02-06 02:34:09.600951,34,E,t2
2013-02-06 02:34:09.600951,35,E,t1
2013-02-06 02:34:09.600951,36,E,t1
2013-02-06 02:34:09.600951,37,E,t1
2013-02-06 02:34:09.600951,38,E,t1
2013-02-06 02:34:09.600951,39,E,t1
2013-02-06 02:34:09.600951,40,E,t1
2013-02-06 02:34:09.600951,0,F,t0
2013-02-06 02:34:09.600951,1,F,t1
2013-02-06 02:34:09.600951,2,F,t1
2013-02-06 02:34:09.600951,3,F,t1
2013-02-06 02:34:09.600951,4,F,t1
2013-02-06 02:34:09.600951,5,F,t0
2013-02-06 02:34:09.600951,6,F,t0
2013-02-06 02:34:09.600951,7,F,t0
2013-02-06 02:34:09.600951,8,F,t0
2013-02-06 02:34:09.600951,9,F,t0
2013-02-06 02:34:09.600951,10,F,t0
2013-02-06 02:34:09.600951,11,F,t0
2013-02-06 02:34:09.600951,12,F,t0
2013-02-06 02:34:09.600951,13,F,t0
2013-02-06 02:34:09.600951,14,F,t0
2013-02-06 02:34:09.600951,15,F,t0
2013-02-06 02:34:09.600951,16,F,t0
2013-02-06 02:34:09.600951,17,F,t2
2013-02-06 02:34:09.600951,18,F,t2
2013-02-06 02:34:09.600951,19,F,t2
2013-02-06 02:34:09.600951,20,F,t2
2013-02-06 02:34:09.600951,21,F,t2
2013-02-06 02:34:09.600951,22,F,t2
2013-02-06 02:34:09.600951,23,F,t2
2013-02-06 02:34:09.600951,24,F,t2
2013-02-06 02:34:09.600951,25,F,t2
2013-02-06 02:34:09.600951,26,F,t2
2013-02-06 02:34:09.600951,27,F,t2
2013-02-06 02:34:09.600951,28,F,t2
2013-02-06 02:34:09.600951,29,F,t2
2013-02-06 02:34:09.600951,30,F,t2
2013-02-06 02:34:09.600951,31,F,t2
2013-02-06 02:34:09.600951,32,F,t2
2013-02-06 02:34:09.600951,33,F,t2
2013-02-06 02:34:09.600951,34,F,t2
2013-02-06 02:34:09.600951,35,F,t2
2013-02-06 02:34:09.600951,36,F,t2
2013-02-06 02:34:09.600951,37,F,t1
2013-02-06 02:34:09.600951,38,F,t1
2013-02-06 02:34:09.600951,39,F,t1
2013-02-06 02:34:09.600951,40,F,t1
2013-02-06 02:34:09.600951,0,G,t0
2013-02-06 02:34:09.600951,1,G,t0
2013-02-06 02:34:09.600951,2,G,t0
2013-02-06 02:34:09.600951,3,G,t0
2013-02-06 02:34:09.600951,4,G,t0
2013-02-06 02:34:09.600951,5,G,t0
2013-02-06 02:34:09.600951,6,G,t0
2013-02-06 02:34:09.600951,7,G,t0
2013-02-06 02:34:09.600951,8,G,t0
2013-02-06 02:34:09.600951,9,G,t0
2013-02-06 02:34:09.600951,10,G,t0
2013-02-06 02:34:09.600951,11,G,t0
2013-02-06 02:34:09.600951,12,G,t0
2013-02-06 02:34:09.600951,13,G,t0
2013-02-06 02:34:09.600951,14,G,t0
2013-02-06 02:34:09.600951,15,G,t0
2013-02-06 02:34:09.600951,16,G,t0
2013-02-06 02:34:09.600951,17,G,t0
2013-02-06 02:34:09.600951,18,G,t2
2013-02-06 02:34:09.600951,19,G,t2
2013-02-06 02:34:09.600951,20,G,t2
2013-02-06 02:34:09.600951,21,G,t0
2013-02-06 02:34:09.600951,22,G,t2
2013-02-06 02:34:09.600951,23,G,t0
2013-02-06 02:34:09.600951,24,G,t0
2013-02-06 02:34:09.600951,25,G,t0
2013-02-06 02:34:09.600951,26,G,t2
2013-02-06 02:34:09.600951,27,G,t0
2013-02-06 02:34:09.600951,28,G,t2
2013-02-06 02:34:09.600951,29,G,t2
2013-02-06 02:34:09.600951,30,G,t2
2013-02-06 02:34:09.600951,31,G,t2
2013-02-06 02:34:09.600951,32,G,t0
2013-02-06 02:34:09.600951,33,G,t0
2013-02-06 02:34:09.600951,34,G,t0
2013-02-06 02:34:09.600951,35,G,t0
2013-02-06 02:34:09.600951,36,G,t0
2013-02-06 02:34:09.600951,37,G,t0
2013-02-06 02:34:09.600951,38,G,t0
2013-02-06 02:34:09.600951,39,G,t0
2013-02-06 02:34:09.600951,40,G,t0
2013-02-06 02:34:09.600951,0,H,t0
2013-02-06 02:34:09.600951,1,H,t0
2013-02-06 02:34:09.600951,2,H,t0
2013-02-06 02:34:09.600951,3,H,t0
2013-02-06 02:34:09.600951,4,H,t0
2013-02-06 02:34:09.600951,5,H,t0
2013-02-06 02:34:09.600951,6,H,t0
2013-02-06 02:34:09.600951,7,H,t0
2013-02-06 02:34:09.600951,8,H,t0
2013-02-06 02:34:09.600951,9,H,t0
2013-02-06 02:34:09.600951,10,H,t0
2013-02-06 02:34:09.600951,11,H,t0
2013-02-06 02:34:09.600951,12,H,t0
2013-02-06 02:34:09.600951,13,H,t0
2013-02-06 02:34:09.600951,14,H,t0
2013-02-06 02:34:09.600951,15,H,t0
2013-02-06 02:34:09.600951,16,H,t0
2013-02-06 02:34:09.600951,17,H,t0
2013-02-06 02:34:09.600951,18,H,t0
2013-02-06 02:34:09.600951,19,H,t0
2013-02-06 02:34:09.600951,20,H,t0
2013-02-06 02:34:09.600951,21,H,t0
2013-02-06 02:34:09.600951,22,H,t0
2013-02-06 02:34:09.600951,23,H,t0
2013-02-06 02:34:09.600951,24,H,t0
2013-02-06 02:34:09.600951,25,H,t0
2013-02-06 02:34:09.600951,26,H,t0
2013-02-06 02:34:09.600951,27,H,t0
2013-02-06 02:34:09.600951,28,H,t0
2013-02-06 02:34:09.600951,29,H,t0
2013-02-06 02:34:09.600951,30,H,t0
2013-02-06 02:34:09.600951,31,H,t0
2013-02-06 02:34:09.600951,32,H,t0
2013-02-06 02:34:09.600951,33,H,t0
2013-02-06 02:34:09.600951,34,H,t0
2013-02-06 02:34:09.600951,35,H,t0
2013-02-06 02:34:09.600951,36,H,t0
2013-02-06 02:34:09.600951,37,H,t0
2013-02-06 02:34:09.600951,38,H,t0
2013-02-06 02:34:09.600951,39,H,t0
2013-02-06 02:34:09.600951,40,H,t0
2013-02-06 02:34:09.600951,0,I,t0
2013-02-06 02:34:09.600951,1,I,t0
2013-02-06 02:34:09.600951,2,I,t0
2013-02-06 02:34:09.600951,3,I,t0
2013-02-06 02:34:09.600951,4,I,t0
2013-02-06 02:34:09.600951,5,I,t0
2013-02-06 02:34:09.600951,6,I,t0
2013-02-06 02:34:09.600951,7,I,t0
2013-02-06 02:34:09.600951,8,I,t0
2013-02-06 02:34:09.600951,9,I,t0
2013-02-06 02:34:09.600951,10,I,t0
2013-02-06 02:34:09.600951,11,I,t0
2013-02-06 02:34:09.600951,12,I,t0
2013-02-06 02:34:09.600951,13,I,t0
2013-02-06 02:34:09.600951,14,I,t0
2013-02-06 02:34:09.600951,15,I,t0
2013-02-06 02:34:09.600951,16,I,t0
2013-02-06 02:34:09.600951,17,I,t0
2013-02-06 02:34:09.600951,18,I,t0
2013-02-06 02:34:09.600951,19,I,t0
2013-02-06 02:34:09.600951,20,I,t0
2013-02-06 02:34:09.600951,21,I,t0
2013-02-06 02:34:09.600951,22,I,t0
2013-02-06 02:34:09.600951,23,I,t0
2013-02-06 02:34:09.600951,24,I,t0
2013-02-06 02:34:09.600951,25,I,t0
2013-02-06 02:34:09.600951,26,I,t0
2013-02-06 02:34:09.600951,27,I,t0
2013-02-06 02:34:09.600951,28,I,t0
2013-02-06 02:34:09.600951,29,I,t0
2013-02-06 02:34:09.600951,30,I,t0
2013-02-06 02:34:09.600951,31,I,t0
2013-02-06 02:34:09.600951,32,I,t0
2013-02-06 02:34:09.600951,33,I,t0
2013-02-06 02:34:09.600951,34,I,t0
2013-02-06 02:34:09.600951,35,I,t0
2013-02-06 02:34:09.600951,36,I,t0
2013-02-06 02:34:09.600951,37,I,t0
2013-02-06 02:34:09.600951,38,I,t0
2013-02-06 02:34:09.600951,39,I,t0
2013-02-06 02:34:09.600951,40,I,t0
2013-02-06 02:34:09.600951,0,J,t0
2013-02-06 02:35:01.705974,0,A,t1
2013-02-06 02:35:01.705974,0,B,t1
2013-02-06 02:35:01.705974,1,B,t1
2013-02-06 02:35:01.705974,2,B,t1
2013-02-06 02:35:01.705974,3,B,t1
2013-02-06 02:35:01.705974,4,B,t1
2013-02-06 02:35:01.705974,5,B,t1
2013-02-06 02:35:01.705974,6,B,t1
2013-02-06 02:35:01.705974,7,B,t1
2013-02-06 02:35:01.705974,8,B,t1
2013-02-06 02:35:01.705974,9,B,t1
2013-02-06 02:35:01.705974,10,B,t1
2013-02-06 02:35:01.705974,11,B,t1
2013-02-06 02:35:01.705974,12,B,t1
2013-02-06 02:35:01.705974,13,B,t1
2013-02-06 02:35:01.705974,14,B,t1
2013-02-06 02:35:01.705974,15,B,t1
2013-02-06 02:35:01.705974,16,B,t1
2013-02-06 02:35:01.705974,17,B,t1
2013-02-06 02:35:01.705974,18,B,t1
2013-02-06 02:35:01.705974,19,B,t1
2013-02-06 02:35:01.705974,20,B,t1
2013-02-06 02:35:01.705974,21,B,t1
2013-02-06 02:35:01.705974,22,B,t1
2013-02-06 02:35:01.705974,23,B,t1
2013-02-06 02:35:01.705974,24,B,t1
2013-02-06 02:35:01.705974,25,B,t1
2013-02-06 02:35:01.705974,26,B,t1
2013-02-06 02:35:01.705974,27,B,t1
2013-02-06 02:35:01.705974,28,B,t1
2013-02-06 02:35:01.705974,29,B,t1
2013-02-06 02:35:01.705974,30,B,t1
2013-02-06 02:35:01.705974,31,B,t1
2013-02-06 02:35:01.705974,32,B,t1
2013-02-06 02:35:01.705974,33,B,t1
2013-02-06 02:35:01.705974,34,B,t1
2013-02-06 02:35:01.705974,35,B,t1
2013-02-06 02:35:01.705974,36,B,t1
2013-02-06 02:35:01.705974,37,B,t1
2013-02-06 02:35:01.705974,38,B,t1
2013-02-06 02:35:01.705974,39,B,t1
2013-02-06 02:35:01.705974,40,B,t1
2013-02-06 02:35:01.705974,0,C,t1
2013-02-06 02:35:01.705974,1,C,t1
2013-02-06 02:35:01.705974,2,C,t1
2013-02-06 02:35:01.705974,3,C,t1
2013-02-06 02:35:01.705974,4,C,t1
2013-02-06 02:35:01.705974,5,C,t1
2013-02-06 02:35:01.705974,6,C,t1
2013-02-06 02:35:01.705974,7,C,t1
2013-02-06 02:35:01.705974,8,C,t0
2013-02-06 02:35:01.705974,9,C,t0
2013-02-06 02:35:01.705974,10,C,t0
2013-02-06 02:35:01.705974,11,C,t0
2013-02-06 02:35:01.705974,12,C,t0
2013-02-06 02:35:01.705974,13,C,t1
2013-02-06 02:35:01.705974,14,C,t1
2013-02-06 02:35:01.705974,15,C,t1
2013-02-06 02:35:01.705974,16,C,t1
2013-02-06 02:35:01.705974,17,C,t1
2013-02-06 02:35:01.705974,18,C,t1
2013-02-06 02:35:01.705974,19,C,t1
2013-02-06 02:35:01.705974,20,C,t1
2013-02-06 02:35:01.705974,21,C,t1
2013-02-06 02:35:01.705974,22,C,t1
2013-02-06 02:35:01.705974,23,C,t1
2013-02-06 02:35:01.705974,24,C,t1
2013-02-06 02:35:01.705974,25,C,t1
2013-02-06 02:35:01.705974,26,C,t1
2013-02-06 02:35:01.705974,27,C,t1
2013-02-06 02:35:01.705974,28,C,t1
2013-02-06 02:35:01.705974,29,C,t1
2013-02-06 02:35:01.705974,30,C,t1
2013-02-06 02:35:01.705974,31,C,t1
2013-02-06 02:35:01.705974,32,C,t1
2013-02-06 02:35:01.705974,33,C,t1
2013-02-06 02:35:01.705974,34,C,t1
2013-02-06 02:35:01.705974,35,C,t1
2013-02-06 02:35:01.705974,36,C,t1
2013-02-06 02:35:01.705974,37,C,t1
2013-02-06 02:35:01.705974,38,C,t1
2013-02-06 02:35:01.705974,39,C,t1
2013-02-06 02:35:01.705974,40,C,t1
2013-02-06 02:35:01.705974,0,D,t1
2013-02-06 02:35:01.705974,1,D,t1
2013-02-06 02:35:01.705974,2,D,t1
2013-02-06 02:35:01.705974,3,D,t0
2013-02-06 02:35:01.705974,4,D,t0
2013-02-06 02:35:01.705974,5,D,t0
2013-02-06 02:35:01.705974,6,D,t0
2013-02-06 02:35:01.705974,7,D,t0
2013-02-06 02:35:01.705974,8,D,t0
2013-02-06 02:35:01.705974,9,D,t0
2013-02-06 02:35:01.705974,10,D,t0
2013-02-06 02:35:01.705974,11,D,t0
2013-02-06 02:35:01.705974,12,D,t0
2013-02-06 02:35:01.705974,13,D,t0
2013-02-06 02:35:01.705974,14,D,t0
2013-02-06 02:35:01.705974,15,D,t1
2013-02-06 02:35:01.705974,16,D,t2
2013-02-06 02:35:01.705974,17,D,t2
2013-02-06 02:35:01.705974,18,D,t2
2013-02-06 02:35:01.705974,19,D,t2
2013-02-06 02:35:01.705974,20,D,t2
2013-02-06 02:35:01.705974,21,D,t2
2013-02-06 02:35:01.705974,22,D,t2
2013-02-06 02:35:01.705974,23,D,t2
2013-02-06 02:35:01.705974,24,D,t2
2013-02-06 02:35:01.705974,25,D,t1
2013-02-06 02:35:01.705974,26,D,t2
2013-02-06 02:35:01.705974,27,D,t1
2013-02-06 02:35:01.705974,28,D,t2
2013-02-06 02:35:01.705974,29,D,t1
2013-02-06 02:35:01.705974,30,D,t1
2013-02-06 02:35:01.705974,31,D,t1
2013-02-06 02:35:01.705974,32,D,t1
2013-02-06 02:35:01.705974,33,D,t1
2013-02-06 02:35:01.705974,34,D,t1
2013-02-06 02:35:01.705974,35,D,t1
2013-02-06 02:35:01.705974,36,D,t1
2013-02-06 02:35:01.705974,37,D,t0
2013-02-06 02:35:01.705974,38,D,t0
2013-02-06 02:35:01.705974,39,D,t1
2013-02-06 02:35:01.705974,40,D,t1
2013-02-06 02:35:01.705974,0,E,t1
2013-02-06 02:35:01.705974,1,E,t0
2013-02-06 02:35:01.705974,2,E,t0
2013-02-06 02:35:01.705974,3,E,t0
2013-02-06 02:35:01.705974,4,E,t0
2013-02-06 02:35:01.705974,5,E,t0
2013-02-06 02:35:01.705974,6,E,t0
2013-02-06 02:35:01.705974,7,E,t0
2013-02-06 02:35:01.705974,8,E,t0
2013-02-06 02:35:01.705974,9,E,t0
2013-02-06 02:35:01.705974,10,E,t0
2013-02-06 02:35:01.705974,11,E,t0
2013-02-06 02:35:01.705974,12,E,t0
2013-02-06 02:35:01.705974,13,E,t0
2013-02-06 02:35:01.705974,14,E,t0
2013-02-06 02:35:01.705974,15,E,t2
2013-02-06 02:35:01.705974,16,E,t2
2013-02-06 02:35:01.705974,17,E,t2
2013-02-06 02:35:01.705974,18,E,t2
2013-02-06 02:35:01.705974,19,E,t2
2013-02-06 02:35:01.705974,20,E,t2
2013-02-06 02:35:01.705974,21,E,t2
2013-02-06 02:35:01.705974,22,E,t2
2013-02-06 02:35:01.705974,23,E,t2
2013-02-06 02:35:01.705974,24,E,t2
2013-02-06 02:35:01.705974,25,E,t2
2013-02-06 02:35:01.705974,26,E,t2
2013-02-06 02:35:01.705974,27,E,t2
2013-02-06 02:35:01.705974,28,E,t2
2013-02-06 02:35:01.705974,29,E,t2
2013-02-06 02:35:01.705974,30,E,t2
2013-02-06 02:35:01.705974,31,E,t2
2013-02-06 02:35:01.705974,32,E,t1
2013-02-06 02:35:01.705974,33,E,t1
2013-02-06 02:35:01.705974,34,E,t0
2013-02-06 02:35:01.705974,35,E,t0
2013-02-06 02:35:01.705974,36,E,t0
2013-02-06 02:35:01.705974,37,E,t0
2013-02-06 02:35:01.705974,38,E,t0
2013-02-06 02:35:01.705974,39,E,t0
2013-02-06 02:35:01.705974,40,E,t0
2013-02-06 02:35:01.705974,0,F,t2
2013-02-06 02:35:01.705974,1,F,t0
2013-02-06 02:35:01.705974,2,F,t0
2013-02-06 02:35:01.705974,3,F,t0
2013-02-06 02:35:01.705974,4,F,t0
2013-02-06 02:35:01.705974,5,F,t0
2013-02-06 02:35:01.705974,6,F,t0
2013-02-06 02:35:01.705974,7,F,t0
2013-02-06 02:35:01.705974,8,F,t0
2013-02-06 02:35:01.705974,9,F,t0
2013-02-06 02:35:01.705974,10,F,t0
2013-02-06 02:35:01.705974,11,F,t0
2013-02-06 02:35:01.705974,12,F,t0
2013-02-06 02:35:01.705974,13,F,t0
2013-02-06 02:35:01.705974,14,F,t0
2013-02-06 02:35:01.705974,15,F,t2
2013-02-06 02:35:01.705974,16,F,t2
2013-02-06 02:35:01.705974,17,F,t2
2013-02-06 02:35:01.705974,18,F,t2
2013-02-06 02:35:01.705974,19,F,t2
2013-02-06 02:35:01.705974,20,F,t2
2013-02-06 02:35:01.705974,21,F,t2
2013-02-06 02:35:01.705974,22,F,t2
2013-02-06 02:35:01.705974,23,F,t2
2013-02-06 02:35:01.705974,24,F,t2
2013-02-06 02:35:01.705974,25,F,t2
2013-02-06 02:35:01.705974,26,F,t2
2013-02-06 02:35:01.705974,27,F,t2
2013-02-06 02:35:01.705974,28,F,t2
2013-02-06 02:35:01.705974,29,F,t2
2013-02-06 02:35:01.705974,30,F,t2
2013-02-06 02:35:01.705974,31,F,t2
2013-02-06 02:35:01.705974,32,F,t0
2013-02-06 02:35:01.705974,33,F,t0
2013-02-06 02:35:01.705974,34,F,t0
2013-02-06 02:35:01.705974,35,F,t0
2013-02-06 02:35:01.705974,36,F,t0
2013-02-06 02:35:01.705974,37,F,t0
2013-02-06 02:35:01.705974,38,F,t0
2013-02-06 02:35:01.705974,39,F,t0
2013-02-06 02:35:01.705974,40,F,t0
2013-02-06 02:35:01.705974,0,G,t2
2013-02-06 02:35:01.705974,1,G,t0
2013-02-06 02:35:01.705974,2,G,t0
2013-02-06 02:35:01.705974,3,G,t0
2013-02-06 02:35:01.705974,4,G,t0
2013-02-06 02:35:01.705974,5,G,t0
2013-02-06 02:35:01.705974,6,G,t0
2013-02-06 02:35:01.705974,7,G,t0
2013-02-06 02:35:01.705974,8,G,t0
2013-02-06 02:35:01.705974,9,G,t0
2013-02-06 02:35:01.705974,10,G,t0
2013-02-06 02:35:01.705974,11,G,t0
2013-02-06 02:35:01.705974,12,G,t0
2013-02-06 02:35:01.705974,13,G,t0
2013-02-06 02:35:01.705974,14,G,t0
2013-02-06 02:35:01.705974,15,G,t2
2013-02-06 02:35:01.705974,16,G,t2
2013-02-06 02:35:01.705974,17,G,t2
2013-02-06 02:35:01.705974,18,G,t2
2013-02-06 02:35:01.705974,19,G,t2
2013-02-06 02:35:01.705974,20,G,t2
2013-02-06 02:35:01.705974,21,G,t2
2013-02-06 02:35:01.705974,22,G,t2
2013-02-06 02:35:01.705974,23,G,t2
2013-02-06 02:35:01.705974,24,G,t2
2013-02-06 02:35:01.705974,25,G,t2
2013-02-06 02:35:01.705974,26,G,t2
2013-02-06 02:35:01.705974,27,G,t2
2013-02-06 02:35:01.705974,28,G,t2
2013-02-06 02:35:01.705974,29,G,t2
2013-02-06 02:35:01.705974,30,G,t2
2013-02-06 02:35:01.705974,31,G,t0
2013-02-06 02:35:01.705974,32,G,t0
2013-02-06 02:35:01.705974,33,G,t0
2013-02-06 02:35:01.705974,34,G,t0
2013-02-06 02:35:01.705974,35,G,t0
2013-02-06 02:35:01.705974,36,G,t0
2013-02-06 02:35:01.705974,37,G,t0
2013-02-06 02:35:01.705974,38,G,t0
2013-02-06 02:35:01.705974,39,G,t0
2013-02-06 02:35:01.705974,40,G,t0
2013-02-06 02:35:01.705974,0,H,t2
2013-02-06 02:35:01.705974,1,H,t0
2013-02-06 02:35:01.705974,2,H,t0
2013-02-06 02:35:01.705974,3,H,t0
2013-02-06 02:35:01.705974,4,H,t0
2013-02-06 02:35:01.705974,5,H,t0
2013-02-06 02:35:01.705974,6,H,t0
2013-02-06 02:35:01.705974,7,H,t0
2013-02-06 02:35:01.705974,8,H,t0
2013-02-06 02:35:01.705974,9,H,t0
2013-02-06 02:35:01.705974,10,H,t0
2013-02-06 02:35:01.705974,11,H,t0
2013-02-06 02:35:01.705974,12,H,t0
2013-02-06 02:35:01.705974,13,H,t0
2013-02-06 02:35:01.705974,14,H,t2
2013-02-06 02:35:01.705974,15,H,t2
2013-02-06 02:35:01.705974,16,H,t2
2013-02-06 02:35:01.705974,17,H,t2
2013-02-06 02:35:01.705974,18,H,t2
2013-02-06 02:35:01.705974,19,H,t2
2013-02-06 02:35:01.705974,20,H,t2
2013-02-06 02:35:01.705974,21,H,t2
2013-02-06 02:35:01.705974,22,H,t2
2013-02-06 02:35:01.705974,23,H,t2
2013-02-06 02:35:01.705974,24,H,t2
2013-02-06 02:35:01.705974,25,H,t2
2013-02-06 02:35:01.705974,26,H,t2
2013-02-06 02:35:01.705974,27,H,t2
2013-02-06 02:35:01.705974,28,H,t2
2013-02-06 02:35:01.705974,29,H,t2
2013-02-06 02:35:01.705974,30,H,t2
2013-02-06 02:35:01.705974,31,H,t0
2013-02-06 02:35:01.705974,32,H,t0
2013-02-06 02:35:01.705974,33,H,t0
2013-02-06 02:35:01.705974,34,H,t0
2013-02-06 02:35:01.705974,35,H,t0
2013-02-06 02:35:01.705974,36,H,t0
2013-02-06 02:35:01.705974,37,H,t0
2013-02-06 02:35:01.705974,38,H,t0
2013-02-06 02:35:01.705974,39,H,t0
2013-02-06 02:35:01.705974,40,H,t0
2013-02-06 02:35:01.705974,0,I,t2
2013-02-06 02:35:01.705974,1,I,t0
2013-02-06 02:35:01.705974,2,I,t0
2013-02-06 02:35:01.705974,3,I,t0
2013-02-06 02:35:01.705974,4,I,t0
2013-02-06 02:35:01.705974,5,I,t0
2013-02-06 02:35:01.705974,6,I,t0
2013-02-06 02:35:01.705974,7,I,t0
2013-02-06 02:35:01.705974,8,I,t0
2013-02-06 02:35:01.705974,9,I,t0
2013-02-06 02:35:01.705974,10,I,t0
2013-02-06 02:35:01.705974,11,I,t0
2013-02-06 02:35:01.705974,12,I,t0
2013-02-06 02:35:01.705974,13,I,t0
2013-02-06 02:35:01.705974,14,I,t2
2013-02-06 02:35:01.705974,15,I,t2
2013-02-06 02:35:01.705974,16,I,t2
2013-02-06 02:35:01.705974,17,I,t2
2013-02-06 02:35:01.705974,18,I,t2
2013-02-06 02:35:01.705974,19,I,t2
2013-02-06 02:35:01.705974,20,I,t2
2013-02-06 02:35:01.705974,21,I,t2
2013-02-06 02:35:01.705974,22,I,t2
2013-02-06 02:35:01.705974,23,I,t2
2013-02-06 02:35:01.705974,24,I,t2
2013-02-06 02:35:01.705974,25,I,t2
2013-02-06 02:35:01.705974,26,I,t2
2013-02-06 02:35:01.705974,27,I,t2
2013-02-06 02:35:01.705974,28,I,t2
2013-02-06 02:35:01.705974,29,I,t2
2013-02-06 02:35:01.705974,30,I,t2
2013-02-06 02:35:01.705974,31,I,t0
2013-02-06 02:35:01.705974,32,I,t0
2013-02-06 02:35:01.705974,33,I,t0
2013-02-06 02:35:01.705974,34,I,t0
2013-02-06 02:35:01.705974,35,I,t0
2013-02-06 02:35:01.705974,36,I,t0
2013-02-06 02:35:01.705974,37,I,t0
2013-02-06 02:35:01.705974,38,I,t0
2013-02-06 02:35:01.705974,39,I,t0
2013-02-06 02:35:01.705974,40,I,t0
2013-02-06 02:35:01.705974,0,J,t0
2013-02-06 02:35:29.637208,0,A,t1
2013-02-06 02:35:29.637208,0,B,t1
2013-02-06 02:35:29.637208,1,B,t1
2013-02-06 02:35:29.637208,2,B,t1
2013-02-06 02:35:29.637208,3,B,t1
2013-02-06 02:35:29.637208,4,B,t1
2013-02-06 02:35:29.637208,5,B,t1
2013-02-06 02:35:29.637208,6,B,t1
2013-02-06 02:35:29.637208,7,B,t1
2013-02-06 02:35:29.637208,8,B,t1
2013-02-06 02:35:29.637208,9,B,t1
2013-02-06 02:35:29.637208,10,B,t1
2013-02-06 02:35:29.637208,11,B,t1
2013-02-06 02:35:29.637208,12,B,t1
2013-02-06 02:35:29.637208,13,B,t1
2013-02-06 02:35:29.637208,14,B,t1
2013-02-06 02:35:29.637208,15,B,t1
2013-02-06 02:35:29.637208,16,B,t1
2013-02-06 02:35:29.637208,17,B,t1
2013-02-06 02:35:29.637208,18,B,t0
2013-02-06 02:35:29.637208,19,B,t1
2013-02-06 02:35:29.637208,20,B,t1
2013-02-06 02:35:29.637208,21,B,t1
2013-02-06 02:35:29.637208,22,B,t1
2013-02-06 02:35:29.637208,23,B,t1
2013-02-06 02:35:29.637208,24,B,t1
2013-02-06 02:35:29.637208,25,B,t1
2013-02-06 02:35:29.637208,26,B,t1
2013-02-06 02:35:29.637208,27,B,t1
2013-02-06 02:35:29.637208,28,B,t1
2013-02-06 02:35:29.637208,29,B,t1
2013-02-06 02:35:29.637208,30,B,t1
2013-02-06 02:35:29.637208,31,B,t1
2013-02-06 02:35:29.637208,32,B,t1
2013-02-06 02:35:29.637208,33,B,t1
2013-02-06 02:35:29.637208,34,B,t1
2013-02-06 02:35:29.637208,35,B,t1
2013-02-06 02:35:29.637208,36,B,t1
2013-02-06 02:35:29.637208,37,B,t1
2013-02-06 02:35:29.637208,38,B,t1
2013-02-06 02:35:29.637208,39,B,t1
2013-02-06 02:35:29.637208,40,B,t1
2013-02-06 02:35:29.637208,0,C,t1
2013-02-06 02:35:29.637208,1,C,t1
2013-02-06 02:35:29.637208,2,C,t1
2013-02-06 02:35:29.637208,3,C,t1
2013-02-06 02:35:29.637208,4,C,t1
2013-02-06 02:35:29.637208,5,C,t1
2013-02-06 02:35:29.637208,6,C,t1
2013-02-06 02:35:29.637208,7,C,t1
2013-02-06 02:35:29.637208,8,C,t1
2013-02-06 02:35:29.637208,9,C,t1
2013-02-06 02:35:29.637208,10,C,t1
2013-02-06 02:35:29.637208,11,C,t1
2013-02-06 02:35:29.637208,12,C,t1
2013-02-06 02:35:29.637208,13,C,t1
2013-02-06 02:35:29.637208,14,C,t0
2013-02-06 02:35:29.637208,15,C,t0
2013-02-06 02:35:29.637208,16,C,t0
2013-02-06 02:35:29.637208,17,C,t0
2013-02-06 02:35:29.637208,18,C,t0
2013-02-06 02:35:29.637208,19,C,t0
2013-02-06 02:35:29.637208,20,C,t0
2013-02-06 02:35:29.637208,21,C,t0
2013-02-06 02:35:29.637208,22,C,t1
2013-02-06 02:35:29.637208,23,C,t0
2013-02-06 02:35:29.637208,24,C,t0
2013-02-06 02:35:29.637208,25,C,t0
2013-02-06 02:35:29.637208,26,C,t0
2013-02-06 02:35:29.637208,27,C,t0
2013-02-06 02:35:29.637208,28,C,t0
2013-02-06 02:35:29.637208,29,C,t0
2013-02-06 02:35:29.637208,30,C,t0
2013-02-06 02:35:29.637208,31,C,t1
2013-02-06 02:35:29.637208,32,C,t1
2013-02-06 02:35:29.637208,33,C,t1
2013-02-06 02:35:29.637208,34,C,t1
2013-02-06 02:35:29.637208,35,C,t1
2013-02-06 02:35:29.637208,36,C,t1
2013-02-06 02:35:29.637208,37,C,t1
2013-02-06 02:35:29.637208,38,C,t1
2013-02-06 02:35:29.637208,39,C,t1
2013-02-06 02:35:29.637208,40,C,t1
2013-02-06 02:35:29.637208,0,D,t1
2013-02-06 02:35:29.637208,1,D,t1
2013-02-06 02:35:29.637208,2,D,t1
2013-02-06 02:35:29.637208,3,D,t1
2013-02-06 02:35:29.637208,4,D,t1
2013-02-06 02:35:29.637208,5,D,t1
2013-02-06 02:35:29.637208,6,D,t1
2013-02-06 02:35:29.637208,7,D,t1
2013-02-06 02:35:29.637208,8,D,t1
2013-02-06 02:35:29.637208,9,D,t1
2013-02-06 02:35:29.637208,10,D,t1
2013-02-06 02:35:29.637208,11,D,t1
2013-02-06 02:35:29.637208,12,D,t1
2013-02-06 02:35:29.637208,13,D,t1
2013-02-06 02:35:29.637208,14,D,t0
2013-02-06 02:35:29.637208,15,D,t0
2013-02-06 02:35:29.637208,16,D,t0
2013-02-06 02:35:29.637208,17,D,t2
2013-02-06 02:35:29.637208,18,D,t0
2013-02-06 02:35:29.637208,19,D,t0
2013-02-06 02:35:29.637208,20,D,t0
2013-02-06 02:35:29.637208,21,D,t0
2013-02-06 02:35:29.637208,22,D,t0
2013-02-06 02:35:29.637208,23,D,t0
2013-02-06 02:35:29.637208,24,D,t0
2013-02-06 02:35:29.637208,25,D,t0
2013-02-06 02:35:29.637208,26,D,t0
2013-02-06 02:35:29.637208,27,D,t0
2013-02-06 02:35:29.637208,28,D,t0
2013-02-06 02:35:29.637208,29,D,t0
2013-02-06 02:35:29.637208,30,D,t0
2013-02-06 02:35:29.637208,31,D,t0
2013-02-06 02:35:29.637208,32,D,t0
2013-02-06 02:35:29.637208,33,D,t0
2013-02-06 02:35:29.637208,34,D,t1
2013-02-06 02:35:29.637208,35,D,t1
2013-02-06 02:35:29.637208,36,D,t1
2013-02-06 02:35:29.637208,37,D,t1
2013-02-06 02:35:29.637208,38,D,t1
2013-02-06 02:35:29.637208,39,D,t1
2013-02-06 02:35:29.637208,40,D,t1
2013-02-06 02:35:29.637208,0,E,t0
2013-02-06 02:35:29.637208,1,E,t1
2013-02-06 02:35:29.637208,2,E,t1
2013-02-06 02:35:29.637208,3,E,t1
2013-02-06 02:35:29.637208,4,E,t1
2013-02-06 02:35:29.637208,5,E,t1
2013-02-06 02:35:29.637208,6,E,t1
2013-02-06 02:35:29.637208,7,E,t1
2013-02-06 02:35:29.637208,8,E,t1
2013-02-06 02:35:29.637208,9,E,t1
2013-02-06 02:35:29.637208,10,E,t1
2013-02-06 02:35:29.637208,11,E,t1
2013-02-06 02:35:29.637208,12,E,t1
2013-02-06 02:35:29.637208,13,E,t1
2013-02-06 02:35:29.637208,14,E,t0
2013-02-06 02:35:29.637208,15,E,t2
2013-02-06 02:35:29.637208,16,E,t2
2013-02-06 02:35:29.637208,17,E,t2
2013-02-06 02:35:29.637208,18,E,t2
2013-02-06 02:35:29.637208,19,E,t2
2013-02-06 02:35:29.637208,20,E,t2
2013-02-06 02:35:29.637208,21,E,t2
2013-02-06 02:35:29.637208,22,E,t2
2013-02-06 02:35:29.637208,23,E,t2
2013-02-06 02:35:29.637208,24,E,t2
2013-02-06 02:35:29.637208,25,E,t2
2013-02-06 02:35:29.637208,26,E,t2
2013-02-06 02:35:29.637208,27,E,t2
2013-02-06 02:35:29.637208,28,E,t2
2013-02-06 02:35:29.637208,29,E,t2
2013-02-06 02:35:29.637208,30,E,t2
2013-02-06 02:35:29.637208,31,E,t0
2013-02-06 02:35:29.637208,32,E,t0
2013-02-06 02:35:29.637208,33,E,t0
2013-02-06 02:35:29.637208,34,E,t0
2013-02-06 02:35:29.637208,35,E,t1
2013-02-06 02:35:29.637208,36,E,t1
2013-02-06 02:35:29.637208,37,E,t1
2013-02-06 02:35:29.637208,38,E,t1
2013-02-06 02:35:29.637208,39,E,t1
2013-02-06 02:35:29.637208,40,E,t1
2013-02-06 02:35:29.637208,0,F,t2
2013-02-06 02:35:29.637208,1,F,t1
2013-02-06 02:35:29.637208,2,F,t1
2013-02-06 02:35:29.637208,3,F,t1
2013-02-06 02:35:29.637208,4,F,t1
2013-02-06 02:35:29.637208,5,F,t1
2013-02-06 02:35:29.637208,6,F,t1
2013-02-06 02:35:29.637208,7,F,t1
2013-02-06 02:35:29.637208,8,F,t1
2013-02-06 02:35:29.637208,9,F,t1
2013-02-06 02:35:29.637208,10,F,t1
2013-02-06 02:35:29.637208,11,F,t1
2013-02-06 02:35:29.637208,12,F,t2
2013-02-06 02:35:29.637208,13,F,t2
2013-02-06 02:35:29.637208,14,F,t2
2013-02-06 02:35:29.637208,15,F,t2
2013-02-06 02:35:29.637208,16,F,t2
2013-02-06 02:35:29.637208,17,F,t2
2013-02-06 02:35:29.637208,18,F,t2
2013-02-06 02:35:29.637208,19,F,t2
2013-02-06 02:35:29.637208,20,F,t2
2013-02-06 02:35:29.637208,21,F,t2
2013-02-06 02:35:29.637208,22,F,t2
2013-02-06 02:35:29.637208,23,F,t2
2013-02-06 02:35:29.637208,24,F,t2
2013-02-06 02:35:29.637208,25,F,t2
2013-02-06 02:35:29.637208,26,F,t2
2013-02-06 02:35:29.637208,27,F,t2
2013-02-06 02:35:29.637208,28,F,t2
2013-02-06 02:35:29.637208,29,F,t2
2013-02-06 02:35:29.637208,30,F,t2
2013-02-06 02:35:29.637208,31,F,t2
2013-02-06 02:35:29.637208,32,F,t2
2013-02-06 02:35:29.637208,33,F,t2
2013-02-06 02:35:29.637208,34,F,t2
2013-02-06 02:35:29.637208,35,F,t1
2013-02-06 02:35:29.637208,36,F,t1
2013-02-06 02:35:29.637208,37,F,t1
2013-02-06 02:35:29.637208,38,F,t1
2013-02-06 02:35:29.637208,39,F,t1
2013-02-06 02:35:29.637208,40,F,t1
2013-02-06 02:35:29.637208,0,G,t2
2013-02-06 02:35:29.637208,1,G,t1
2013-02-06 02:35:29.637208,2,G,t1
2013-02-06 02:35:29.637208,3,G,t1
2013-02-06 02:35:29.637208,4,G,t1
2013-02-06 02:35:29.637208,5,G,t1
2013-02-06 02:35:29.637208,6,G,t1
2013-02-06 02:35:29.637208,7,G,t2
2013-02-06 02:35:29.637208,8,G,t2
2013-02-06 02:35:29.637208,9,G,t2
2013-02-06 02:35:29.637208,10,G,t2
2013-02-06 02:35:29.637208,11,G,t2
2013-02-06 02:35:29.637208,12,G,t2
2013-02-06 02:35:29.637208,13,G,t2
2013-02-06 02:35:29.637208,14,G,t2
2013-02-06 02:35:29.637208,15,G,t2
2013-02-06 02:35:29.637208,16,G,t2
2013-02-06 02:35:29.637208,17,G,t2
2013-02-06 02:35:29.637208,18,G,t2
2013-02-06 02:35:29.637208,19,G,t2
2013-02-06 02:35:29.637208,20,G,t2
2013-02-06 02:35:29.637208,21,G,t2
2013-02-06 02:35:29.637208,22,G,t2
2013-02-06 02:35:29.637208,23,G,t2
2013-02-06 02:35:29.637208,24,G,t2
2013-02-06 02:35:29.637208,25,G,t2
2013-02-06 02:35:29.637208,26,G,t2
2013-02-06 02:35:29.637208,27,G,t2
2013-02-06 02:35:29.637208,28,G,t2
2013-02-06 02:35:29.637208,29,G,t2
2013-02-06 02:35:29.637208,30,G,t2
2013-02-06 02:35:29.637208,31,G,t2
2013-02-06 02:35:29.637208,32,G,t2
2013-02-06 02:35:29.637208,33,G,t2
2013-02-06 02:35:29.637208,34,G,t2
2013-02-06 02:35:29.637208,35,G,t2
2013-02-06 02:35:29.637208,36,G,t2
2013-02-06 02:35:29.637208,37,G,t2
2013-02-06 02:35:29.637208,38,G,t1
2013-02-06 02:35:29.637208,39,G,t1
2013-02-06 02:35:29.637208,40,G,t1
2013-02-06 02:35:29.637208,0,H,t2
2013-02-06 02:35:29.637208,1,H,t2
2013-02-06 02:35:29.637208,2,H,t2
2013-02-06 02:35:29.637208,3,H,t2
2013-02-06 02:35:29.637208,4,H,t2
2013-02-06 02:35:29.637208,5,H,t2
2013-02-06 02:35:29.637208,6,H,t2
2013-02-06 02:35:29.637208,7,H,t2
2013-02-06 02:35:29.637208,8,H,t2
2013-02-06 02:35:29.637208,9,H,t2
2013-02-06 02:35:29.637208,10,H,t2
2013-02-06 02:35:29.637208,11,H,t2
2013-02-06 02:35:29.637208,12,H,t2
2013-02-06 02:35:29.637208,13,H,t2
2013-02-06 02:35:29.637208,14,H,t2
2013-02-06 02:35:29.637208,15,H,t2
2013-02-06 02:35:29.637208,16,H,t2
2013-02-06 02:35:29.637208,17,H,t2
2013-02-06 02:35:29.637208,18,H,t2
2013-02-06 02:35:29.637208,19,H,t2
2013-02-06 02:35:29.637208,20,H,t2
2013-02-06 02:35:29.637208,21,H,t2
2013-02-06 02:35:29.637208,22,H,t2
2013-02-06 02:35:29.637208,23,H,t2
2013-02-06 02:35:29.637208,24,H,t2
2013-02-06 02:35:29.637208,25,H,t2
2013-02-06 02:35:29.637208,26,H,t2
2013-02-06 02:35:29.637208,27,H,t2
2013-02-06 02:35:29.637208,28,H,t2
2013-02-06 02:35:29.637208,29,H,t2
2013-02-06 02:35:29.637208,30,H,t2
2013-02-06 02:35:29.637208,31,H,t2
2013-02-06 02:35:29.637208,32,H,t2
2013-02-06 02:35:29.637208,33,H,t2
2013-02-06 02:35:29.637208,34,H,t2
2013-02-06 02:35:29.637208,35,H,t2
2013-02-06 02:35:29.637208,36,H,t2
2013-02-06 02:35:29.637208,37,H,t2
2013-02-06 02:35:29.637208,38,H,t2
2013-02-06 02:35:29.637208,39,H,t2
2013-02-06 02:35:29.637208,40,H,t2
2013-02-06 02:35:29.637208,0,I,t2
2013-02-06 02:35:29.637208,1,I,t2
2013-02-06 02:35:29.637208,2,I,t2
2013-02-06 02:35:29.637208,3,I,t2
2013-02-06 02:35:29.637208,4,I,t2
2013-02-06 02:35:29.637208,5,I,t2
2013-02-06 02:35:29.637208,6,I,t2
2013-02-06 02:35:29.637208,7,I,t2
2013-02-06 02:35:29.637208,8,I,t2
2013-02-06 02:35:29.637208,9,I,t2
2013-02-06 02:35:29.637208,10,I,t2
2013-02-06 02:35:29.637208,11,I,t2
2013-02-06 02:35:29.637208,12,I,t2
2013-02-06 02:35:29.637208,13,I,t2
2013-02-06 02:35:29.637208,14,I,t2
2013-02-06 02:35:29.637208,15,I,t2
2013-02-06 02:35:29.637208,16,I,t2
2013-02-06 02:35:29.637208,17,I,t2
2013-02-06 02:35:29.637208,18,I,t2
2013-02-06 02:35:29.637208,19,I,t2
2013-02-06 02:35:29.637208,20,I,t2
2013-02-06 02:35:29.637208,21,I,t2
2013-02-06 02:35:29.637208,22,I,t2
2013-02-06 02:35:29.637208,23,I,t2
2013-02-06 02:35:29.637208,24,I,t2
2013-02-06 02:35:29.637208,25,I,t2
2013-02-06 02:35:29.637208,26,I,t2
2013-02-06 02:35:29.637208,27,I,t2
2013-02-06 02:35:29.637208,28,I,t2
2013-02-06 02:35:29.637208,29,I,t2
2013-02-06 02:35:29.637208,30,I,t2
2013-02-06 02:35:29.637208,31,I,t2
2013-02-06 02:35:29.637208,32,I,t2
2013-02-06 02:35:29.637208,33,I,t2
2013-02-06 02:35:29.637208,34,I,t2
2013-02-06 02:35:29.637208,35,I,t2
2013-02-06 02:35:29.637208,36,I,t2
2013-02-06 02:35:29.637208,37,I,t2
2013-02-06 02:35:29.637208,38,I,t2
2013-02-06 02:35:29.637208,39,I,t2
2013-02-06 02:35:29.637208,40,I,t2
2013-02-06 02:35:29.637208,0,J,t2
2013-02-06 02:36:03.746173,0,A,t2
2013-02-06 02:36:03.746173,0,B,t2
2013-02-06 02:36:03.746173,1,B,t2
2013-02-06 02:36:03.746173,2,B,t2
2013-02-06 02:36:03.746173,3,B,t2
2013-02-06 02:36:03.746173,4,B,t2
2013-02-06 02:36:03.746173,5,B,t2
2013-02-06 02:36:03.746173,6,B,t2
2013-02-06 02:36:03.746173,7,B,t2
2013-02-06 02:36:03.746173,8,B,t2
2013-02-06 02:36:03.746173,9,B,t2
2013-02-06 02:36:03.746173,10,B,t2
2013-02-06 02:36:03.746173,11,B,t2
2013-02-06 02:36:03.746173,12,B,t2
2013-02-06 02:36:03.746173,13,B,t2
2013-02-06 02:36:03.746173,14,B,t2
2013-02-06 02:36:03.746173,15,B,t2
2013-02-06 02:36:03.746173,16,B,t2
2013-02-06 02:36:03.746173,17,B,t2
2013-02-06 02:36:03.746173,18,B,t2
2013-02-06 02:36:03.746173,19,B,t2
2013-02-06 02:36:03.746173,20,B,t2
2013-02-06 02:36:03.746173,21,B,t2
2013-02-06 02:36:03.746173,22,B,t2
2013-02-06 02:36:03.746173,23,B,t2
2013-02-06 02:36:03.746173,24,B,t2
2013-02-06 02:36:03.746173,25,B,t2
2013-02-06 02:36:03.746173,26,B,t2
2013-02-06 02:36:03.746173,27,B,t2
2013-02-06 02:36:03.746173,28,B,t2
2013-02-06 02:36:03.746173,29,B,t2
2013-02-06 02:36:03.746173,30,B,t2
2013-02-06 02:36:03.746173,31,B,t2
2013-02-06 02:36:03.746173,32,B,t2
2013-02-06 02:36:03.746173,33,B,t2
2013-02-06 02:36:03.746173,34,B,t2
2013-02-06 02:36:03.746173,35,B,t2
2013-02-06 02:36:03.746173,36,B,t2
2013-02-06 02:36:03.746173,37,B,t2
2013-02-06 02:36:03.746173,38,B,t2
2013-02-06 02:36:03.746173,39,B,t2
2013-02-06 02:36:03.746173,40,B,t0
2013-02-06 02:36:03.746173,0,C,t0
2013-02-06 02:36:03.746173,1,C,t0
2013-02-06 02:36:03.746173,2,C,t0
2013-02-06 02:36:03.746173,3,C,t0
2013-02-06 02:36:03.746173,4,C,t0
2013-02-06 02:36:03.746173,5,C,t0
2013-02-06 02:36:03.746173,6,C,t0
2013-02-06 02:36:03.746173,7,C,t0
2013-02-06 02:36:03.746173,8,C,t1
2013-02-06 02:36:03.746173,9,C,t1
2013-02-06 02:36:03.746173,10,C,t1
2013-02-06 02:36:03.746173,11,C,t1
2013-02-06 02:36:03.746173,12,C,t1
2013-02-06 02:36:03.746173,13,C,t1
2013-02-06 02:36:03.746173,14,C,t2
2013-02-06 02:36:03.746173,15,C,t2
2013-02-06 02:36:03.746173,16,C,t2
2013-02-06 02:36:03.746173,17,C,t2
2013-02-06 02:36:03.746173,18,C,t2
2013-02-06 02:36:03.746173,19,C,t2
2013-02-06 02:36:03.746173,20,C,t2
2013-02-06 02:36:03.746173,21,C,t2
2013-02-06 02:36:03.746173,22,C,t2
2013-02-06 02:36:03.746173,23,C,t2
2013-02-06 02:36:03.746173,24,C,t2
2013-02-06 02:36:03.746173,25,C,t2
2013-02-06 02:36:03.746173,26,C,t2
2013-02-06 02:36:03.746173,27,C,t2
2013-02-06 02:36:03.746173,28,C,t2
2013-02-06 02:36:03.746173,29,C,t2
2013-02-06 02:36:03.746173,30,C,t0
2013-02-06 02:36:03.746173,31,C,t2
2013-02-06 02:36:03.746173,32,C,t2
2013-02-06 02:36:03.746173,33,C,t0
2013-02-06 02:36:03.746173,34,C,t2
2013-02-06 02:36:03.746173,35,C,t0
2013-02-06 02:36:03.746173,36,C,t0
2013-02-06 02:36:03.746173,37,C,t0
2013-02-06 02:36:03.746173,38,C,t0
2013-02-06 02:36:03.746173,39,C,t0
2013-02-06 02:36:03.746173,40,C,t0
2013-02-06 02:36:03.746173,0,D,t2
2013-02-06 02:36:03.746173,1,D,t0
2013-02-06 02:36:03.746173,2,D,t0
2013-02-06 02:36:03.746173,3,D,t0
2013-02-06 02:36:03.746173,4,D,t0
2013-02-06 02:36:03.746173,5,D,t0
2013-02-06 02:36:03.746173,6,D,t0
2013-02-06 02:36:03.746173,7,D,t1
2013-02-06 02:36:03.746173,8,D,t1
2013-02-06 02:36:03.746173,9,D,t1
2013-02-06 02:36:03.746173,10,D,t1
2013-02-06 02:36:03.746173,11,D,t1
2013-02-06 02:36:03.746173,12,D,t1
2013-02-06 02:36:03.746173,13,D,t1
2013-02-06 02:36:03.746173,14,D,t1
2013-02-06 02:36:03.746173,15,D,t2
2013-02-06 02:36:03.746173,16,D,t2
2013-02-06 02:36:03.746173,17,D,t2
2013-02-06 02:36:03.746173,18,D,t2
2013-02-06 02:36:03.746173,19,D,t2
2013-02-06 02:36:03.746173,20,D,t2
2013-02-06 02:36:03.746173,21,D,t2
2013-02-06 02:36:03.746173,22,D,t2
2013-02-06 02:36:03.746173,23,D,t2
2013-02-06 02:36:03.746173,24,D,t2
2013-02-06 02:36:03.746173,25,D,t2
2013-02-06 02:36:03.746173,26,D,t2
2013-02-06 02:36:03.746173,27,D,t2
2013-02-06 02:36:03.746173,28,D,t2
2013-02-06 02:36:03.746173,29,D,t2
2013-02-06 02:36:03.746173,30,D,t0
2013-02-06 02:36:03.746173,31,D,t0
2013-02-06 02:36:03.746173,32,D,t0
2013-02-06 02:36:03.746173,33,D,t0
2013-02-06 02:36:03.746173,34,D,t0
2013-02-06 02:36:03.746173,35,D,t0
2013-02-06 02:36:03.746173,36,D,t0
2013-02-06 02:36:03.746173,37,D,t0
2013-02-06 02:36:03.746173,38,D,t0
2013-02-06 02:36:03.746173,39,D,t0
2013-02-06 02:36:03.746173,40,D,t0
2013-02-06 02:36:03.746173,0,E,t2
2013-02-06 02:36:03.746173,1,E,t0
2013-02-06 02:36:03.746173,2,E,t0
2013-02-06 02:36:03.746173,3,E,t0
2013-02-06 02:36:03.746173,4,E,t0
2013-02-06 02:36:03.746173,5,E,t1
2013-02-06 02:36:03.746173,6,E,t1
2013-02-06 02:36:03.746173,7,E,t1
2013-02-06 02:36:03.746173,8,E,t1
2013-02-06 02:36:03.746173,9,E,t1
2013-02-06 02:36:03.746173,10,E,t1
2013-02-06 02:36:03.746173,11,E,t1
2013-02-06 02:36:03.746173,12,E,t1
2013-02-06 02:36:03.746173,13,E,t1
2013-02-06 02:36:03.746173,14,E,t1
2013-02-06 02:36:03.746173,15,E,t1
2013-02-06 02:36:03.746173,16,E,t1
2013-02-06 02:36:03.746173,17,E,t1
2013-02-06 02:36:03.746173,18,E,t1
2013-02-06 02:36:03.746173,19,E,t1
2013-02-06 02:36:03.746173,20,E,t1
2013-02-06 02:36:03.746173,21,E,t1
2013-02-06 02:36:03.746173,22,E,t1
2013-02-06 02:36:03.746173,23,E,t1
2013-02-06 02:36:03.746173,24,E,t1
2013-02-06 02:36:03.746173,25,E,t1
2013-02-06 02:36:03.746173,26,E,t1
2013-02-06 02:36:03.746173,27,E,t1
2013-02-06 02:36:03.746173,28,E,t1
2013-02-06 02:36:03.746173,29,E,t2
2013-02-06 02:36:03.746173,30,E,t0
2013-02-06 02:36:03.746173,31,E,t0
2013-02-06 02:36:03.746173,32,E,t0
2013-02-06 02:36:03.746173,33,E,t0
2013-02-06 02:36:03.746173,34,E,t0
2013-02-06 02:36:03.746173,35,E,t0
2013-02-06 02:36:03.746173,36,E,t0
2013-02-06 02:36:03.746173,37,E,t0
2013-02-06 02:36:03.746173,38,E,t0
2013-02-06 02:36:03.746173,39,E,t0
2013-02-06 02:36:03.746173,40,E,t0
2013-02-06 02:36:03.746173,0,F,t1
2013-02-06 02:36:03.746173,1,F,t0
2013-02-06 02:36:03.746173,2,F,t0
2013-02-06 02:36:03.746173,3,F,t0
2013-02-06 02:36:03.746173,4,F,t0
2013-02-06 02:36:03.746173,5,F,t1
2013-02-06 02:36:03.746173,6,F,t1
2013-02-06 02:36:03.746173,7,F,t1
2013-02-06 02:36:03.746173,8,F,t1
2013-02-06 02:36:03.746173,9,F,t1
2013-02-06 02:36:03.746173,10,F,t1
2013-02-06 02:36:03.746173,11,F,t1
2013-02-06 02:36:03.746173,12,F,t1
2013-02-06 02:36:03.746173,13,F,t1
2013-02-06 02:36:03.746173,14,F,t1
2013-02-06 02:36:03.746173,15,F,t1
2013-02-06 02:36:03.746173,16,F,t1
2013-02-06 02:36:03.746173,17,F,t1
2013-02-06 02:36:03.746173,18,F,t1
2013-02-06 02:36:03.746173,19,F,t1
2013-02-06 02:36:03.746173,20,F,t1
2013-02-06 02:36:03.746173,21,F,t1
2013-02-06 02:36:03.746173,22,F,t1
2013-02-06 02:36:03.746173,23,F,t1
2013-02-06 02:36:03.746173,24,F,t1
2013-02-06 02:36:03.746173,25,F,t1
2013-02-06 02:36:03.746173,26,F,t1
2013-02-06 02:36:03.746173,27,F,t1
2013-02-06 02:36:03.746173,28,F,t1
2013-02-06 02:36:03.746173,29,F,t1
2013-02-06 02:36:03.746173,30,F,t1
2013-02-06 02:36:03.746173,31,F,t0
2013-02-06 02:36:03.746173,32,F,t0
2013-02-06 02:36:03.746173,33,F,t0
2013-02-06 02:36:03.746173,34,F,t0
2013-02-06 02:36:03.746173,35,F,t0
2013-02-06 02:36:03.746173,36,F,t0
2013-02-06 02:36:03.746173,37,F,t0
2013-02-06 02:36:03.746173,38,F,t0
2013-02-06 02:36:03.746173,39,F,t0
2013-02-06 02:36:03.746173,40,F,t0
2013-02-06 02:36:03.746173,0,G,t1
2013-02-06 02:36:03.746173,1,G,t0
2013-02-06 02:36:03.746173,2,G,t0
2013-02-06 02:36:03.746173,3,G,t0
2013-02-06 02:36:03.746173,4,G,t1
2013-02-06 02:36:03.746173,5,G,t1
2013-02-06 02:36:03.746173,6,G,t1
2013-02-06 02:36:03.746173,7,G,t1
2013-02-06 02:36:03.746173,8,G,t1
2013-02-06 02:36:03.746173,9,G,t1
2013-02-06 02:36:03.746173,10,G,t1
2013-02-06 02:36:03.746173,11,G,t1
2013-02-06 02:36:03.746173,12,G,t1
2013-02-06 02:36:03.746173,13,G,t1
2013-02-06 02:36:03.746173,14,G,t1
2013-02-06 02:36:03.746173,15,G,t1
2013-02-06 02:36:03.746173,16,G,t1
2013-02-06 02:36:03.746173,17,G,t1
2013-02-06 02:36:03.746173,18,G,t1
2013-02-06 02:36:03.746173,19,G,t1
2013-02-06 02:36:03.746173,20,G,t1
2013-02-06 02:36:03.746173,21,G,t1
2013-02-06 02:36:03.746173,22,G,t1
2013-02-06 02:36:03.746173,23,G,t1
2013-02-06 02:36:03.746173,24,G,t1
2013-02-06 02:36:03.746173,25,G,t1
2013-02-06 02:36:03.746173,26,G,t1
2013-02-06 02:36:03.746173,27,G,t1
2013-02-06 02:36:03.746173,28,G,t1
2013-02-06 02:36:03.746173,29,G,t1
2013-02-06 02:36:03.746173,30,G,t1
2013-02-06 02:36:03.746173,31,G,t1
2013-02-06 02:36:03.746173,32,G,t1
2013-02-06 02:36:03.746173,33,G,t1
2013-02-06 02:36:03.746173,34,G,t0
2013-02-06 02:36:03.746173,35,G,t0
2013-02-06 02:36:03.746173,36,G,t0
2013-02-06 02:36:03.746173,37,G,t0
2013-02-06 02:36:03.746173,38,G,t0
2013-02-06 02:36:03.746173,39,G,t0
2013-02-06 02:36:03.746173,40,G,t0
2013-02-06 02:36:03.746173,0,H,t1
2013-02-06 02:36:03.746173,1,H,t1
2013-02-06 02:36:03.746173,2,H,t1
2013-02-06 02:36:03.746173,3,H,t1
2013-02-06 02:36:03.746173,4,H,t1
2013-02-06 02:36:03.746173,5,H,t1
2013-02-06 02:36:03.746173,6,H,t1
2013-02-06 02:36:03.746173,7,H,t1
2013-02-06 02:36:03.746173,8,H,t1
2013-02-06 02:36:03.746173,9,H,t1
2013-02-06 02:36:03.746173,10,H,t1
2013-02-06 02:36:03.746173,11,H,t1
2013-02-06 02:36:03.746173,12,H,t1
2013-02-06 02:36:03.746173,13,H,t1
2013-02-06 02:36:03.746173,14,H,t1
2013-02-06 02:36:03.746173,15,H,t1
2013-02-06 02:36:03.746173,16,H,t1
2013-02-06 02:36:03.746173,17,H,t1
2013-02-06 02:36:03.746173,18,H,t1
2013-02-06 02:36:03.746173,19,H,t1
2013-02-06 02:36:03.746173,20,H,t1
2013-02-06 02:36:03.746173,21,H,t1
2013-02-06 02:36:03.746173,22,H,t1
2013-02-06 02:36:03.746173,23,H,t1
2013-02-06 02:36:03.746173,24,H,t1
2013-02-06 02:36:03.746173,25,H,t1
2013-02-06 02:36:03.746173,26,H,t1
2013-02-06 02:36:03.746173,27,H,t1
2013-02-06 02:36:03.746173,28,H,t1
2013-02-06 02:36:03.746173,29,H,t1
2013-02-06 02:36:03.746173,30,H,t1
2013-02-06 02:36:03.746173,31,H,t1
2013-02-06 02:36:03.746173,32,H,t1
2013-02-06 02:36:03.746173,33,H,t1
2013-02-06 02:36:03.746173,34,H,t1
2013-02-06 02:36:03.746173,35,H,t1
2013-02-06 02:36:03.746173,36,H,t1
2013-02-06 02:36:03.746173,37,H,t1
2013-02-06 02:36:03.746173,38,H,t1
2013-02-06 02:36:03.746173,39,H,t1
2013-02-06 02:36:03.746173,40,H,t1
2013-02-06 02:36:03.746173,0,I,t1
2013-02-06 02:36:03.746173,1,I,t1
2013-02-06 02:36:03.746173,2,I,t1
2013-02-06 02:36:03.746173,3,I,t1
2013-02-06 02:36:03.746173,4,I,t1
2013-02-06 02:36:03.746173,5,I,t1
2013-02-06 02:36:03.746173,6,I,t1
2013-02-06 02:36:03.746173,7,I,t1
2013-02-06 02:36:03.746173,8,I,t1
2013-02-06 02:36:03.746173,9,I,t1
2013-02-06 02:36:03.746173,10,I,t1
2013-02-06 02:36:03.746173,11,I,t1
2013-02-06 02:36:03.746173,12,I,t1
2013-02-06 02:36:03.746173,13,I,t1
2013-02-06 02:36:03.746173,14,I,t1
2013-02-06 02:36:03.746173,15,I,t1
2013-02-06 02:36:03.746173,16,I,t1
2013-02-06 02:36:03.746173,17,I,t1
2013-02-06 02:36:03.746173,18,I,t1
2013-02-06 02:36:03.746173,19,I,t1
2013-02-06 02:36:03.746173,20,I,t1
2013-02-06 02:36:03.746173,21,I,t1
2013-02-06 02:36:03.746173,22,I,t1
2013-02-06 02:36:03.746173,23,I,t1
2013-02-06 02:36:03.746173,24,I,t1
2013-02-06 02:36:03.746173,25,I,t1
2013-02-06 02:36:03.746173,26,I,t1
2013-02-06 02:36:03.746173,27,I,t1
2013-02-06 02:36:03.746173,28,I,t1
2013-02-06 02:36:03.746173,29,I,t1
2013-02-06 02:36:03.746173,30,I,t1
2013-02-06 02:36:03.746173,31,I,t1
2013-02-06 02:36:03.746173,32,I,t1
2013-02-06 02:36:03.746173,33,I,t1
2013-02-06 02:36:03.746173,34,I,t1
2013-02-06 02:36:03.746173,35,I,t1
2013-02-06 02:36:03.746173,36,I,t1
2013-02-06 02:36:03.746173,37,I,t1
2013-02-06 02:36:03.746173,38,I,t1
2013-02-06 02:36:03.746173,39,I,t1
2013-02-06 02:36:03.746173,40,I,t1
2013-02-06 02:36:03.746173,0,J,t1
2013-02-06 02:38:30.533975,0,A,t1
2013-02-06 02:38:30.533975,0,B,t1
2013-02-06 02:38:30.533975,1,B,t1
2013-02-06 02:38:30.533975,2,B,t1
2013-02-06 02:38:30.533975,3,B,t1
2013-02-06 02:38:30.533975,4,B,t1
2013-02-06 02:38:30.533975,5,B,t1
2013-02-06 02:38:30.533975,6,B,t1
2013-02-06 02:38:30.533975,7,B,t1
2013-02-06 02:38:30.533975,8,B,t1
2013-02-06 02:38:30.533975,9,B,t1
2013-02-06 02:38:30.533975,10,B,t1
2013-02-06 02:38:30.533975,11,B,t1
2013-02-06 02:38:30.533975,12,B,t1
2013-02-06 02:38:30.533975,13,B,t1
2013-02-06 02:38:30.533975,14,B,t1
2013-02-06 02:38:30.533975,15,B,t1
2013-02-06 02:38:30.533975,16,B,t1
2013-02-06 02:38:30.533975,17,B,t1
2013-02-06 02:38:30.533975,18,B,t0
2013-02-06 02:38:30.533975,19,B,t1
2013-02-06 02:38:30.533975,20,B,t1
2013-02-06 02:38:30.533975,21,B,t1
2013-02-06 02:38:30.533975,22,B,t1
2013-02-06 02:38:30.533975,23,B,t1
2013-02-06 02:38:30.533975,24,B,t1
2013-02-06 02:38:30.533975,25,B,t1
2013-02-06 02:38:30.533975,26,B,t1
2013-02-06 02:38:30.533975,27,B,t1
2013-02-06 02:38:30.533975,28,B,t1
2013-02-06 02:38:30.533975,29,B,t1
2013-02-06 02:38:30.533975,30,B,t1
2013-02-06 02:38:30.533975,31,B,t1
2013-02-06 02:38:30.533975,32,B,t1
2013-02-06 02:38:30.533975,33,B,t1
2013-02-06 02:38:30.533975,34,B,t1
2013-02-06 02:38:30.533975,35,B,t1
2013-02-06 02:38:30.533975,36,B,t0
2013-02-06 02:38:30.533975,37,B,t1
2013-02-06 02:38:30.533975,38,B,t1
2013-02-06 02:38:30.533975,39,B,t1
2013-02-06 02:38:30.533975,40,B,t1
2013-02-06 02:38:30.533975,0,C,t1
2013-02-06 02:38:30.533975,1,C,t0
2013-02-06 02:38:30.533975,2,C,t1
2013-02-06 02:38:30.533975,3,C,t1
2013-02-06 02:38:30.533975,4,C,t1
2013-02-06 02:38:30.533975,5,C,t1
2013-02-06 02:38:30.533975,6,C,t1
2013-02-06 02:38:30.533975,7,C,t1
2013-02-06 02:38:30.533975,8,C,t2
2013-02-06 02:38:30.533975,9,C,t2
2013-02-06 02:38:30.533975,10,C,t2
2013-02-06 02:38:30.533975,11,C,t2
2013-02-06 02:38:30.533975,12,C,t2
2013-02-06 02:38:30.533975,13,C,t2
2013-02-06 02:38:30.533975,14,C,t2
2013-02-06 02:38:30.533975,15,C,t2
2013-02-06 02:38:30.533975,16,C,t1
2013-02-06 02:38:30.533975,17,C,t1
2013-02-06 02:38:30.533975,18,C,t1
2013-02-06 02:38:30.533975,19,C,t1
2013-02-06 02:38:30.533975,20,C,t1
2013-02-06 02:38:30.533975,21,C,t1
2013-02-06 02:38:30.533975,22,C,t1
2013-02-06 02:38:30.533975,23,C,t1
2013-02-06 02:38:30.533975,24,C,t1
2013-02-06 02:38:30.533975,25,C,t1
2013-02-06 02:38:30.533975,26,C,t1
2013-02-06 02:38:30.533975,27,C,t1
2013-02-06 02:38:30.533975,28,C,t1
2013-02-06 02:38:30.533975,29,C,t1
2013-02-06 02:38:30.533975,30,C,t1
2013-02-06 02:38:30.533975,31,C,t0
2013-02-06 02:38:30.533975,32,C,t1
2013-02-06 02:38:30.533975,33,C,t1
2013-02-06 02:38:30.533975,34,C,t1
2013-02-06 02:38:30.533975,35,C,t0
2013-02-06 02:38:30.533975,36,C,t0
2013-02-06 02:38:30.533975,37,C,t0
2013-02-06 02:38:30.533975,38,C,t0
2013-02-06 02:38:30.533975,39,C,t1
2013-02-06 02:38:30.533975,40,C,t0
2013-02-06 02:38:30.533975,0,D,t1
2013-02-06 02:38:30.533975,1,D,t0
2013-02-06 02:38:30.533975,2,D,t1
2013-02-06 02:38:30.533975,3,D,t0
2013-02-06 02:38:30.533975,4,D,t0
2013-02-06 02:38:30.533975,5,D,t0
2013-02-06 02:38:30.533975,6,D,t2
2013-02-06 02:38:30.533975,7,D,t2
2013-02-06 02:38:30.533975,8,D,t2
2013-02-06 02:38:30.533975,9,D,t2
2013-02-06 02:38:30.533975,10,D,t2
2013-02-06 02:38:30.533975,11,D,t2
2013-02-06 02:38:30.533975,12,D,t2
2013-02-06 02:38:30.533975,13,D,t2
2013-02-06 02:38:30.533975,14,D,t2
2013-02-06 02:38:30.533975,15,D,t2
2013-02-06 02:38:30.533975,16,D,t2
2013-02-06 02:38:30.533975,17,D,t2
2013-02-06 02:38:30.533975,18,D,t2
2013-02-06 02:38:30.533975,19,D,t2
2013-02-06 02:38:30.533975,20,D,t2
2013-02-06 02:38:30.533975,21,D,t1
2013-02-06 02:38:30.533975,22,D,t1
2013-02-06 02:38:30.533975,23,D,t1
2013-02-06 02:38:30.533975,24,D,t1
2013-02-06 02:38:30.533975,25,D,t1
2013-02-06 02:38:30.533975,26,D,t1
2013-02-06 02:38:30.533975,27,D,t1
2013-02-06 02:38:30.533975,28,D,t1
2013-02-06 02:38:30.533975,29,D,t1
2013-02-06 02:38:30.533975,30,D,t1
2013-02-06 02:38:30.533975,31,D,t0
2013-02-06 02:38:30.533975,32,D,t0
2013-02-06 02:38:30.533975,33,D,t1
2013-02-06 02:38:30.533975,34,D,t1
2013-02-06 02:38:30.533975,35,D,t0
2013-02-06 02:38:30.533975,36,D,t1
2013-02-06 02:38:30.533975,37,D,t0
2013-02-06 02:38:30.533975,38,D,t0
2013-02-06 02:38:30.533975,39,D,t0
2013-02-06 02:38:30.533975,40,D,t0
2013-02-06 02:38:30.533975,0,E,t1
2013-02-06 02:38:30.533975,1,E,t0
2013-02-06 02:38:30.533975,2,E,t0
2013-02-06 02:38:30.533975,3,E,t0
2013-02-06 02:38:30.533975,4,E,t2
2013-02-06 02:38:30.533975,5,E,t2
2013-02-06 02:38:30.533975,6,E,t2
2013-02-06 02:38:30.533975,7,E,t2
2013-02-06 02:38:30.533975,8,E,t2
2013-02-06 02:38:30.533975,9,E,t2
2013-02-06 02:38:30.533975,10,E,t2
2013-02-06 02:38:30.533975,11,E,t2
2013-02-06 02:38:30.533975,12,E,t2
2013-02-06 02:38:30.533975,13,E,t2
2013-02-06 02:38:30.533975,14,E,t2
2013-02-06 02:38:30.533975,15,E,t2
2013-02-06 02:38:30.533975,16,E,t2
2013-02-06 02:38:30.533975,17,E,t2
2013-02-06 02:38:30.533975,18,E,t2
2013-02-06 02:38:30.533975,19,E,t2
2013-02-06 02:38:30.533975,20,E,t2
2013-02-06 02:38:30.533975,21,E,t2
2013-02-06 02:38:30.533975,22,E,t2
2013-02-06 02:38:30.533975,23,E,t2
2013-02-06 02:38:30.533975,24,E,t2
2013-02-06 02:38:30.533975,25,E,t2
2013-02-06 02:38:30.533975,26,E,t1
2013-02-06 02:38:30.533975,27,E,t1
2013-02-06 02:38:30.533975,28,E,t2
2013-02-06 02:38:30.533975,29,E,t0
2013-02-06 02:38:30.533975,30,E,t0
2013-02-06 02:38:30.533975,31,E,t0
2013-02-06 02:38:30.533975,32,E,t0
2013-02-06 02:38:30.533975,33,E,t0
2013-02-06 02:38:30.533975,34,E,t0
2013-02-06 02:38:30.533975,35,E,t0
2013-02-06 02:38:30.533975,36,E,t0
2013-02-06 02:38:30.533975,37,E,t0
2013-02-06 02:38:30.533975,38,E,t0
2013-02-06 02:38:30.533975,39,E,t0
2013-02-06 02:38:30.533975,40,E,t0
2013-02-06 02:38:30.533975,0,F,t2
2013-02-06 02:38:30.533975,1,F,t0
2013-02-06 02:38:30.533975,2,F,t0
2013-02-06 02:38:30.533975,3,F,t0
2013-02-06 02:38:30.533975,4,F,t2
2013-02-06 02:38:30.533975,5,F,t2
2013-02-06 02:38:30.533975,6,F,t2
2013-02-06 02:38:30.533975,7,F,t2
2013-02-06 02:38:30.533975,8,F,t2
2013-02-06 02:38:30.533975,9,F,t2
2013-02-06 02:38:30.533975,10,F,t2
2013-02-06 02:38:30.533975,11,F,t2
2013-02-06 02:38:30.533975,12,F,t2
2013-02-06 02:38:30.533975,13,F,t2
2013-02-06 02:38:30.533975,14,F,t2
2013-02-06 02:38:30.533975,15,F,t2
2013-02-06 02:38:30.533975,16,F,t2
2013-02-06 02:38:30.533975,17,F,t2
2013-02-06 02:38:30.533975,18,F,t2
2013-02-06 02:38:30.533975,19,F,t2
2013-02-06 02:38:30.533975,20,F,t2
2013-02-06 02:38:30.533975,21,F,t2
2013-02-06 02:38:30.533975,22,F,t2
2013-02-06 02:38:30.533975,23,F,t2
2013-02-06 02:38:30.533975,24,F,t1
2013-02-06 02:38:30.533975,25,F,t2
2013-02-06 02:38:30.533975,26,F,t2
2013-02-06 02:38:30.533975,27,F,t2
2013-02-06 02:38:30.533975,28,F,t2
2013-02-06 02:38:30.533975,29,F,t2
2013-02-06 02:38:30.533975,30,F,t0
2013-02-06 02:38:30.533975,31,F,t0
2013-02-06 02:38:30.533975,32,F,t0
2013-02-06 02:38:30.533975,33,F,t0
2013-02-06 02:38:30.533975,34,F,t0
2013-02-06 02:38:30.533975,35,F,t0
2013-02-06 02:38:30.533975,36,F,t0
2013-02-06 02:38:30.533975,37,F,t0
2013-02-06 02:38:30.533975,38,F,t0
2013-02-06 02:38:30.533975,39,F,t0
2013-02-06 02:38:30.533975,40,F,t0
2013-02-06 02:38:30.533975,0,G,t2
2013-02-06 02:38:30.533975,1,G,t0
2013-02-06 02:38:30.533975,2,G,t0
2013-02-06 02:38:30.533975,3,G,t0
2013-02-06 02:38:30.533975,4,G,t2
2013-02-06 02:38:30.533975,5,G,t2
2013-02-06 02:38:30.533975,6,G,t2
2013-02-06 02:38:30.533975,7,G,t2
2013-02-06 02:38:30.533975,8,G,t2
2013-02-06 02:38:30.533975,9,G,t2
2013-02-06 02:38:30.533975,10,G,t2
2013-02-06 02:38:30.533975,11,G,t2
2013-02-06 02:38:30.533975,12,G,t2
2013-02-06 02:38:30.533975,13,G,t2
2013-02-06 02:38:30.533975,14,G,t2
2013-02-06 02:38:30.533975,15,G,t2
2013-02-06 02:38:30.533975,16,G,t2
2013-02-06 02:38:30.533975,17,G,t2
2013-02-06 02:38:30.533975,18,G,t2
2013-02-06 02:38:30.533975,19,G,t2
2013-02-06 02:38:30.533975,20,G,t2
2013-02-06 02:38:30.533975,21,G,t2
2013-02-06 02:38:30.533975,22,G,t2
2013-02-06 02:38:30.533975,23,G,t2
2013-02-06 02:38:30.533975,24,G,t2
2013-02-06 02:38:30.533975,25,G,t2
2013-02-06 02:38:30.533975,26,G,t2
2013-02-06 02:38:30.533975,27,G,t2
2013-02-06 02:38:30.533975,28,G,t2
2013-02-06 02:38:30.533975,29,G,t2
2013-02-06 02:38:30.533975,30,G,t0
2013-02-06 02:38:30.533975,31,G,t0
2013-02-06 02:38:30.533975,32,G,t0
2013-02-06 02:38:30.533975,33,G,t0
2013-02-06 02:38:30.533975,34,G,t0
2013-02-06 02:38:30.533975,35,G,t0
2013-02-06 02:38:30.533975,36,G,t0
2013-02-06 02:38:30.533975,37,G,t0
2013-02-06 02:38:30.533975,38,G,t0
2013-02-06 02:38:30.533975,39,G,t0
2013-02-06 02:38:30.533975,40,G,t0
2013-02-06 02:38:30.533975,0,H,t2
2013-02-06 02:38:30.533975,1,H,t0
2013-02-06 02:38:30.533975,2,H,t0
2013-02-06 02:38:30.533975,3,H,t0
2013-02-06 02:38:30.533975,4,H,t2
2013-02-06 02:38:30.533975,5,H,t2
2013-02-06 02:38:30.533975,6,H,t2
2013-02-06 02:38:30.533975,7,H,t2
2013-02-06 02:38:30.533975,8,H,t2
2013-02-06 02:38:30.533975,9,H,t2
2013-02-06 02:38:30.533975,10,H,t2
2013-02-06 02:38:30.533975,11,H,t2
2013-02-06 02:38:30.533975,12,H,t2
2013-02-06 02:38:30.533975,13,H,t2
2013-02-06 02:38:30.533975,14,H,t2
2013-02-06 02:38:30.533975,15,H,t2
2013-02-06 02:38:30.533975,16,H,t2
2013-02-06 02:38:30.533975,17,H,t2
2013-02-06 02:38:30.533975,18,H,t2
2013-02-06 02:38:30.533975,19,H,t2
2013-02-06 02:38:30.533975,20,H,t2
2013-02-06 02:38:30.533975,21,H,t2
2013-02-06 02:38:30.533975,22,H,t2
2013-02-06 02:38:30.533975,23,H,t2
2013-02-06 02:38:30.533975,24,H,t2
2013-02-06 02:38:30.533975,25,H,t2
2013-02-06 02:38:30.533975,26,H,t2
2013-02-06 02:38:30.533975,27,H,t2
2013-02-06 02:38:30.533975,28,H,t2
2013-02-06 02:38:30.533975,29,H,t2
2013-02-06 02:38:30.533975,30,H,t2
2013-02-06 02:38:30.533975,31,H,t0
2013-02-06 02:38:30.533975,32,H,t0
2013-02-06 02:38:30.533975,33,H,t0
2013-02-06 02:38:30.533975,34,H,t0
2013-02-06 02:38:30.533975,35,H,t0
2013-02-06 02:38:30.533975,36,H,t0
2013-02-06 02:38:30.533975,37,H,t0
2013-02-06 02:38:30.533975,38,H,t0
2013-02-06 02:38:30.533975,39,H,t0
2013-02-06 02:38:30.533975,40,H,t0
2013-02-06 02:38:30.533975,0,I,t2
2013-02-06 02:38:30.533975,1,I,t0
2013-02-06 02:38:30.533975,2,I,t0
2013-02-06 02:38:30.533975,3,I,t0
2013-02-06 02:38:30.533975,4,I,t2
2013-02-06 02:38:30.533975,5,I,t2
2013-02-06 02:38:30.533975,6,I,t2
2013-02-06 02:38:30.533975,7,I,t2
2013-02-06 02:38:30.533975,8,I,t2
2013-02-06 02:38:30.533975,9,I,t2
2013-02-06 02:38:30.533975,10,I,t2
2013-02-06 02:38:30.533975,11,I,t2
2013-02-06 02:38:30.533975,12,I,t2
2013-02-06 02:38:30.533975,13,I,t2
2013-02-06 02:38:30.533975,14,I,t2
2013-02-06 02:38:30.533975,15,I,t2
2013-02-06 02:38:30.533975,16,I,t2
2013-02-06 02:38:30.533975,17,I,t2
2013-02-06 02:38:30.533975,18,I,t2
2013-02-06 02:38:30.533975,19,I,t2
2013-02-06 02:38:30.533975,20,I,t2
2013-02-06 02:38:30.533975,21,I,t2
2013-02-06 02:38:30.533975,22,I,t2
2013-02-06 02:38:30.533975,23,I,t2
2013-02-06 02:38:30.533975,24,I,t2
2013-02-06 02:38:30.533975,25,I,t2
2013-02-06 02:38:30.533975,26,I,t2
2013-02-06 02:38:30.533975,27,I,t2
2013-02-06 02:38:30.533975,28,I,t2
2013-02-06 02:38:30.533975,29,I,t2
2013-02-06 02:38:30.533975,30,I,t2
2013-02-06 02:38:30.533975,31,I,t0
2013-02-06 02:38:30.533975,32,I,t0
2013-02-06 02:38:30.533975,33,I,t0
2013-02-06 02:38:30.533975,34,I,t0
2013-02-06 02:38:30.533975,35,I,t0
2013-02-06 02:38:30.533975,36,I,t0
2013-02-06 02:38:30.533975,37,I,t0
2013-02-06 02:38:30.533975,38,I,t0
2013-02-06 02:38:30.533975,39,I,t0
2013-02-06 02:38:30.533975,40,I,t0
2013-02-06 02:38:30.533975,0,J,t2
