"a","b","L"
106,-119,5.5
-14,1,5.5
-14,-19,5.5
-14,-29,5.5
-14,-9,5.5
16,1,5.5
16,-19,5.5
16,-29,5.5
16,-39,5.5
16,-49,5.5
16,-59,5.5
16,-9,5.5
-24,1,5.5
26,1,5.5
26,-19,5.5
26,-29,5.5
26,-39,5.5
26,-49,5.5
26,-59,5.5
26,-9,5.5
36,-19,5.5
36,-29,5.5
36,-39,5.5
36,-49,5.5
36,-59,5.5
36,-69,5.5
36,-9,5.5
-4,1,5.5
-4,-19,5.5
-4,-29,5.5
-4,-39,5.5
46,-39,5.5
46,-49,5.5
46,-59,5.5
46,-69,5.5
46,-79,5.5
-4,-9,5.5
56,-59,5.5
56,-69,5.5
56,-79,5.5
6,1,5.5
6,-19,5.5
6,-29,5.5
6,-39,5.5
6,-49,5.5
66,-69,5.5
66,-79,5.5
66,-89,5.5
6,-9,5.5
76,-79,5.5
76,-89,5.5
76,-99,5.5
86,-109,5.5
86,-99,5.5
96,-109,5.5
104,-125,15.5
14,15,15.5
14,-15,15.5
14,25,15.5
14,-25,15.5
14,-35,15.5
14,-45,15.5
14,5,15.5
14,-5,15.5
14,-55,15.5
14,-65,15.5
14,-75,15.5
-16,15,15.5
-16,-15,15.5
-16,25,15.5
-16,-25,15.5
-16,-35,15.5
-16,-45,15.5
-16,5,15.5
-16,-5,15.5
-16,-55,15.5
24,15,15.5
24,-15,15.5
24,25,15.5
24,-25,15.5
24,-35,15.5
24,-45,15.5
24,5,15.5
24,-5,15.5
24,-55,15.5
24,-65,15.5
24,-75,15.5
24,-85,15.5
-26,15,15.5
-26,-15,15.5
-26,25,15.5
-26,-25,15.5
-26,-35,15.5
-26,-45,15.5
-26,5,15.5
-26,-5,15.5
34,15,15.5
34,-15,15.5
34,25,15.5
34,-25,15.5
34,-35,15.5
34,-45,15.5
34,5,15.5
34,-5,15.5
34,-55,15.5
34,-65,15.5
34,-75,15.5
34,-85,15.5
-36,15,15.5
-36,-15,15.5
-36,25,15.5
-36,-25,15.5
-36,-35,15.5
-36,-45,15.5
-36,5,15.5
-36,-5,15.5
4,15,15.5
4,-15,15.5
4,25,15.5
4,-25,15.5
4,-35,15.5
44,15,15.5
44,-15,15.5
44,25,15.5
44,-25,15.5
44,-35,15.5
44,-45,15.5
4,-45,15.5
44,5,15.5
44,-5,15.5
44,-55,15.5
44,-65,15.5
44,-75,15.5
44,-85,15.5
44,-95,15.5
4,5,15.5
4,-5,15.5
4,-55,15.5
-46,15,15.5
-46,-15,15.5
-46,-25,15.5
-46,-35,15.5
-46,5,15.5
-46,-5,15.5
4,-65,15.5
54,-105,15.5
54,-15,15.5
54,-25,15.5
54,-35,15.5
54,-45,15.5
54,5,15.5
54,-5,15.5
54,-55,15.5
54,-65,15.5
54,-75,15.5
54,-85,15.5
54,-95,15.5
-56,15,15.5
-56,-15,15.5
-56,-25,15.5
-56,5,15.5
-56,-5,15.5
-6,15,15.5
-6,-15,15.5
-6,25,15.5
-6,-25,15.5
-6,-35,15.5
64,-105,15.5
64,-35,15.5
64,-45,15.5
-6,-45,15.5
64,-55,15.5
64,-65,15.5
64,-75,15.5
64,-85,15.5
64,-95,15.5
-6,5,15.5
-6,-5,15.5
-6,-55,15.5
-6,-65,15.5
-66,5,15.5
-66,-5,15.5
74,-105,15.5
74,-115,15.5
74,-65,15.5
74,-75,15.5
74,-85,15.5
74,-95,15.5
84,-105,15.5
84,-115,15.5
84,-125,15.5
84,-85,15.5
84,-95,15.5
94,-105,15.5
94,-115,15.5
94,-125,15.5
94,-135,15.5
94,-95,15.5
102,-104,25.5
-108,6,25.5
12,-14,25.5
12,16,25.5
12,-24,25.5
12,26,25.5
12,-34,25.5
12,36,25.5
12,-4,25.5
12,-44,25.5
12,-54,25.5
12,6,25.5
12,-64,25.5
12,-74,25.5
12,-84,25.5
12,-94,25.5
-18,-14,25.5
-18,16,25.5
-18,-24,25.5
-18,26,25.5
-18,-34,25.5
-18,36,25.5
-18,-4,25.5
-18,-44,25.5
-18,-54,25.5
-18,6,25.5
-18,-64,25.5
-18,-74,25.5
2,-14,25.5
2,16,25.5
22,-14,25.5
22,16,25.5
22,-24,25.5
22,26,25.5
22,-34,25.5
22,36,25.5
2,-24,25.5
22,-4,25.5
22,-44,25.5
22,-54,25.5
2,26,25.5
22,6,25.5
22,-64,25.5
22,-74,25.5
22,-84,25.5
22,-94,25.5
2,-34,25.5
2,36,25.5
2,-4,25.5
2,-44,25.5
2,-54,25.5
2,6,25.5
2,-64,25.5
2,-74,25.5
-28,-14,25.5
-28,16,25.5
-28,-24,25.5
-28,26,25.5
-28,-34,25.5
-28,36,25.5
-28,-4,25.5
2,-84,25.5
-28,-44,25.5
-28,-54,25.5
-28,6,25.5
-28,-64,25.5
32,-104,25.5
32,-14,25.5
32,16,25.5
32,-24,25.5
32,26,25.5
32,-34,25.5
32,36,25.5
32,-4,25.5
32,-44,25.5
32,-54,25.5
32,6,25.5
32,-64,25.5
32,-74,25.5
32,-84,25.5
32,-94,25.5
-38,-14,25.5
-38,16,25.5
-38,-24,25.5
-38,26,25.5
-38,-34,25.5
-38,36,25.5
-38,-4,25.5
-38,-44,25.5
-38,-54,25.5
-38,6,25.5
42,-104,25.5
42,-114,25.5
42,-14,25.5
42,16,25.5
42,-24,25.5
42,26,25.5
42,-34,25.5
42,36,25.5
42,-4,25.5
42,-44,25.5
42,-54,25.5
42,6,25.5
42,-64,25.5
42,-74,25.5
42,-84,25.5
42,-94,25.5
-48,-14,25.5
-48,16,25.5
-48,-24,25.5
-48,26,25.5
-48,-34,25.5
-48,36,25.5
-48,-4,25.5
-48,-44,25.5
-48,-54,25.5
-48,6,25.5
52,-104,25.5
52,-114,25.5
52,-14,25.5
52,16,25.5
52,-24,25.5
52,26,25.5
52,-34,25.5
52,36,25.5
52,-4,25.5
52,-44,25.5
52,-54,25.5
52,6,25.5
52,-64,25.5
52,-74,25.5
52,-84,25.5
52,-94,25.5
-58,-14,25.5
-58,16,25.5
-58,-24,25.5
-58,26,25.5
-58,-34,25.5
-58,36,25.5
-58,-4,25.5
-58,-44,25.5
-58,6,25.5
62,-104,25.5
62,-114,25.5
62,-124,25.5
62,-14,25.5
62,16,25.5
62,-24,25.5
62,26,25.5
62,-34,25.5
62,36,25.5
62,-4,25.5
62,-44,25.5
62,-54,25.5
62,6,25.5
62,-64,25.5
62,-74,25.5
62,-84,25.5
62,-94,25.5
-68,-14,25.5
-68,16,25.5
-68,-24,25.5
-68,26,25.5
-68,-34,25.5
-68,36,25.5
-68,-4,25.5
-68,6,25.5
72,-104,25.5
72,-114,25.5
72,-14,25.5
72,-24,25.5
72,-34,25.5
72,-44,25.5
72,-54,25.5
72,-64,25.5
72,-74,25.5
72,-84,25.5
72,-94,25.5
-78,-14,25.5
-78,16,25.5
-78,-24,25.5
-78,26,25.5
-78,-34,25.5
-78,36,25.5
-78,-4,25.5
-78,6,25.5
-8,-14,25.5
-8,16,25.5
82,-104,25.5
82,-114,25.5
-8,-24,25.5
82,-54,25.5
-8,26,25.5
82,-64,25.5
82,-74,25.5
82,-84,25.5
82,-94,25.5
-8,-34,25.5
-8,36,25.5
-8,-4,25.5
-8,-44,25.5
-8,-54,25.5
-8,6,25.5
-8,-64,25.5
-8,-74,25.5
-88,-14,25.5
-88,16,25.5
-88,-24,25.5
-88,26,25.5
-88,-4,25.5
-88,6,25.5
92,-104,25.5
92,-114,25.5
92,-74,25.5
92,-84,25.5
92,-94,25.5
-98,-14,25.5
-98,16,25.5
-98,26,25.5
-98,-4,25.5
-98,6,25.5
-102,1,35.5
-102,11,35.5
-102,-19,35.5
-102,21,35.5
-102,-29,35.5
-102,31,35.5
-102,41,35.5
-102,-9,35.5
-112,1,35.5
-112,11,35.5
-112,-19,35.5
-112,21,35.5
-112,31,35.5
-112,41,35.5
-112,-9,35.5
-12,1,35.5
-12,11,35.5
-12,-19,35.5
-12,21,35.5
-122,1,35.5
-122,11,35.5
-122,-19,35.5
-122,21,35.5
-122,31,35.5
-12,-29,35.5
-122,-9,35.5
-12,31,35.5
-12,-39,35.5
-12,41,35.5
-12,-49,35.5
-12,51,35.5
-12,-59,35.5
-12,-69,35.5
-12,-79,35.5
-12,-89,35.5
-12,-9,35.5
-132,1,35.5
-132,11,35.5
-132,21,35.5
-132,-9,35.5
-142,11,35.5
18,1,35.5
18,-109,35.5
18,11,35.5
18,-19,35.5
18,21,35.5
18,-29,35.5
18,31,35.5
18,-39,35.5
18,41,35.5
18,-49,35.5
18,51,35.5
18,-59,35.5
18,-69,35.5
18,-79,35.5
18,-89,35.5
18,-9,35.5
18,-99,35.5
-2,1,35.5
-2,11,35.5
-2,-19,35.5
-2,21,35.5
-22,1,35.5
-22,11,35.5
-22,-19,35.5
-22,21,35.5
-22,-29,35.5
-22,31,35.5
-22,-39,35.5
-22,41,35.5
-22,-49,35.5
-22,51,35.5
-22,-59,35.5
-22,-69,35.5
-22,-79,35.5
-2,-29,35.5
-22,-9,35.5
-2,31,35.5
-2,-39,35.5
-2,41,35.5
-2,-49,35.5
-2,51,35.5
-2,-59,35.5
-2,-69,35.5
-2,-79,35.5
28,1,35.5
28,-109,35.5
28,11,35.5
28,-19,35.5
28,21,35.5
28,-29,35.5
28,31,35.5
28,-39,35.5
28,41,35.5
28,-49,35.5
28,51,35.5
28,-59,35.5
28,-69,35.5
28,-79,35.5
28,-89,35.5
-2,-89,35.5
28,-9,35.5
28,-99,35.5
-2,-9,35.5
-2,-99,35.5
-32,1,35.5
-32,11,35.5
-32,-19,35.5
-32,21,35.5
-32,-29,35.5
-32,31,35.5
-32,-39,35.5
-32,41,35.5
-32,-49,35.5
-32,51,35.5
-32,-59,35.5
-32,-69,35.5
-32,-79,35.5
-32,-9,35.5
38,1,35.5
38,-109,35.5
38,11,35.5
38,-19,35.5
38,21,35.5
38,-29,35.5
38,31,35.5
38,-39,35.5
38,41,35.5
38,-49,35.5
38,51,35.5
38,-59,35.5
38,-69,35.5
38,-79,35.5
38,-89,35.5
38,-9,35.5
38,-99,35.5
-42,1,35.5
-42,11,35.5
-42,-19,35.5
-42,21,35.5
-42,-29,35.5
-42,31,35.5
-42,-39,35.5
-42,41,35.5
-42,-49,35.5
-42,51,35.5
-42,-59,35.5
-42,-69,35.5
-42,-9,35.5
48,1,35.5
48,11,35.5
48,-19,35.5
48,21,35.5
48,-29,35.5
48,31,35.5
48,-39,35.5
48,41,35.5
48,-49,35.5
48,51,35.5
48,-59,35.5
48,-69,35.5
48,-79,35.5
48,-89,35.5
48,-9,35.5
48,-99,35.5
-52,1,35.5
-52,11,35.5
-52,-19,35.5
-52,21,35.5
-52,-29,35.5
-52,31,35.5
-52,-39,35.5
-52,41,35.5
-52,-49,35.5
-52,51,35.5
-52,-59,35.5
-52,-9,35.5
58,1,35.5
58,11,35.5
58,-19,35.5
58,21,35.5
58,-29,35.5
58,31,35.5
58,-39,35.5
58,41,35.5
58,-49,35.5
58,51,35.5
58,-59,35.5
58,-69,35.5
58,-79,35.5
58,-89,35.5
58,-9,35.5
58,-99,35.5
-62,1,35.5
-62,11,35.5
-62,-19,35.5
-62,21,35.5
-62,-29,35.5
-62,31,35.5
-62,-39,35.5
-62,41,35.5
-62,-49,35.5
-62,51,35.5
-62,-59,35.5
-62,-9,35.5
68,1,35.5
68,11,35.5
68,-19,35.5
68,21,35.5
68,-29,35.5
68,31,35.5
68,-39,35.5
68,41,35.5
68,-49,35.5
68,51,35.5
68,-59,35.5
68,-69,35.5
68,-79,35.5
68,-89,35.5
68,-9,35.5
68,-99,35.5
-72,1,35.5
-72,11,35.5
-72,-19,35.5
-72,21,35.5
-72,-29,35.5
-72,31,35.5
-72,-39,35.5
-72,41,35.5
-72,-49,35.5
-72,51,35.5
-72,-9,35.5
78,1,35.5
78,11,35.5
78,-19,35.5
78,21,35.5
78,-29,35.5
78,31,35.5
78,-39,35.5
78,41,35.5
78,-49,35.5
78,51,35.5
78,-59,35.5
78,-69,35.5
78,-79,35.5
78,-89,35.5
78,-9,35.5
78,-99,35.5
8,1,35.5
8,11,35.5
8,-19,35.5
-82,1,35.5
8,21,35.5
-82,11,35.5
-82,-19,35.5
-82,21,35.5
-82,-29,35.5
-82,31,35.5
-82,-39,35.5
-82,41,35.5
-82,51,35.5
-82,-9,35.5
8,-29,35.5
8,31,35.5
8,-39,35.5
8,41,35.5
8,-49,35.5
8,51,35.5
8,-59,35.5
8,-69,35.5
8,-79,35.5
88,-29,35.5
88,-39,35.5
88,-49,35.5
88,-59,35.5
88,-69,35.5
88,-79,35.5
88,-89,35.5
8,-89,35.5
88,-99,35.5
8,-9,35.5
8,-99,35.5
-92,1,35.5
-92,11,35.5
-92,-19,35.5
-92,21,35.5
-92,-29,35.5
-92,31,35.5
-92,-39,35.5
-92,41,35.5
-92,-9,35.5
98,-69,35.5
98,-79,35.5
98,-89,35.5
98,-99,35.5
102,-53,45.5
102,-63,45.5
102,-73,45.5
102,-83,45.5
-108,-13,45.5
-108,17,45.5
-108,-23,45.5
-108,27,45.5
-108,-3,45.5
-108,-33,45.5
-108,37,45.5
-108,47,45.5
-108,57,45.5
-108,7,45.5
-118,-13,45.5
-118,17,45.5
-118,-23,45.5
-118,27,45.5
-118,-3,45.5
-118,37,45.5
-118,47,45.5
-118,7,45.5
12,-13,45.5
12,17,45.5
12,-23,45.5
12,27,45.5
12,-3,45.5
12,-33,45.5
12,37,45.5
12,-43,45.5
12,47,45.5
12,-53,45.5
12,57,45.5
12,-63,45.5
12,67,45.5
12,7,45.5
12,-73,45.5
12,77,45.5
-128,-13,45.5
-128,17,45.5
-128,27,45.5
-128,-3,45.5
12,-83,45.5
-128,37,45.5
-128,47,45.5
-128,7,45.5
12,-93,45.5
-138,-13,45.5
-138,17,45.5
-138,27,45.5
-138,-3,45.5
-138,37,45.5
-138,7,45.5
-148,17,45.5
-148,27,45.5
-148,-3,45.5
-148,7,45.5
-158,17,45.5
-18,-13,45.5
-18,17,45.5
-18,-23,45.5
-18,27,45.5
-18,-3,45.5
-18,-33,45.5
-18,37,45.5
-18,-43,45.5
-18,47,45.5
-18,-53,45.5
-18,57,45.5
-18,-63,45.5
-18,67,45.5
-18,7,45.5
-18,-73,45.5
-18,77,45.5
-18,-83,45.5
-18,-93,45.5
2,-13,45.5
2,17,45.5
22,-13,45.5
22,17,45.5
22,-23,45.5
22,27,45.5
2,-23,45.5
22,-3,45.5
22,-33,45.5
22,37,45.5
22,-43,45.5
22,47,45.5
22,-53,45.5
22,57,45.5
22,-63,45.5
22,67,45.5
2,27,45.5
22,7,45.5
22,-73,45.5
22,77,45.5
22,-83,45.5
22,-93,45.5
2,-3,45.5
2,-33,45.5
2,37,45.5
2,-43,45.5
2,47,45.5
2,-53,45.5
2,57,45.5
2,-63,45.5
2,67,45.5
2,7,45.5
2,-73,45.5
2,77,45.5
-28,-13,45.5
-28,17,45.5
-28,-23,45.5
-28,27,45.5
-28,-3,45.5
2,-83,45.5
-28,-33,45.5
-28,37,45.5
-28,-43,45.5
-28,47,45.5
-28,-53,45.5
-28,57,45.5
-28,-63,45.5
-28,67,45.5
-28,7,45.5
-28,-73,45.5
-28,-83,45.5
-28,-93,45.5
2,-93,45.5
32,-13,45.5
32,17,45.5
32,-23,45.5
32,27,45.5
32,-3,45.5
32,-33,45.5
32,37,45.5
32,-43,45.5
32,47,45.5
32,-53,45.5
32,57,45.5
32,-63,45.5
32,67,45.5
32,7,45.5
32,-73,45.5
32,77,45.5
32,-83,45.5
32,-93,45.5
-38,-13,45.5
-38,17,45.5
-38,-23,45.5
-38,27,45.5
-38,-3,45.5
-38,-33,45.5
-38,37,45.5
-38,-43,45.5
-38,47,45.5
-38,-53,45.5
-38,57,45.5
-38,-63,45.5
-38,67,45.5
-38,7,45.5
-38,-73,45.5
-38,-83,45.5
42,-13,45.5
42,17,45.5
42,-23,45.5
42,27,45.5
42,-3,45.5
42,-33,45.5
42,37,45.5
42,-43,45.5
42,47,45.5
42,-53,45.5
42,57,45.5
42,-63,45.5
42,67,45.5
42,7,45.5
42,-73,45.5
42,77,45.5
42,-83,45.5
-48,-13,45.5
-48,17,45.5
-48,-23,45.5
-48,27,45.5
-48,-3,45.5
-48,-33,45.5
-48,37,45.5
-48,-43,45.5
-48,47,45.5
-48,-53,45.5
-48,57,45.5
-48,-63,45.5
-48,67,45.5
-48,7,45.5
-48,-73,45.5
52,-13,45.5
52,17,45.5
52,-23,45.5
52,27,45.5
52,-3,45.5
52,-33,45.5
52,37,45.5
52,-43,45.5
52,47,45.5
52,-53,45.5
52,57,45.5
52,-63,45.5
52,67,45.5
52,7,45.5
52,-73,45.5
52,77,45.5
52,-83,45.5
-58,-13,45.5
-58,17,45.5
-58,-23,45.5
-58,27,45.5
-58,-3,45.5
-58,-33,45.5
-58,37,45.5
-58,-43,45.5
-58,47,45.5
-58,-53,45.5
-58,57,45.5
-58,-63,45.5
-58,67,45.5
-58,7,45.5
-58,-73,45.5
62,-13,45.5
62,17,45.5
62,-23,45.5
62,27,45.5
62,-3,45.5
62,-33,45.5
62,37,45.5
62,-43,45.5
62,47,45.5
62,-53,45.5
62,57,45.5
62,-63,45.5
62,67,45.5
62,7,45.5
62,-73,45.5
62,77,45.5
62,-83,45.5
-68,-13,45.5
-68,17,45.5
-68,-23,45.5
-68,27,45.5
-68,-3,45.5
-68,-33,45.5
-68,37,45.5
-68,-43,45.5
-68,47,45.5
-68,-53,45.5
-68,57,45.5
-68,-63,45.5
-68,67,45.5
-68,7,45.5
72,-13,45.5
72,17,45.5
72,-23,45.5
72,27,45.5
72,-3,45.5
72,-33,45.5
72,37,45.5
72,-43,45.5
72,47,45.5
72,-53,45.5
72,57,45.5
72,-63,45.5
72,67,45.5
72,7,45.5
72,-73,45.5
72,77,45.5
72,-83,45.5
-78,-13,45.5
-78,17,45.5
-78,-23,45.5
-78,27,45.5
-78,-3,45.5
-78,-33,45.5
-78,37,45.5
-78,-43,45.5
-78,47,45.5
-78,-53,45.5
-78,57,45.5
-78,67,45.5
-78,7,45.5
-8,-13,45.5
-8,17,45.5
82,-13,45.5
82,17,45.5
82,-23,45.5
82,27,45.5
-8,-23,45.5
82,-3,45.5
82,-33,45.5
82,37,45.5
82,-43,45.5
82,47,45.5
82,-53,45.5
82,57,45.5
82,-63,45.5
82,67,45.5
-8,27,45.5
82,7,45.5
82,-73,45.5
82,77,45.5
82,-83,45.5
-8,-3,45.5
-8,-33,45.5
-8,37,45.5
-8,-43,45.5
-8,47,45.5
-8,-53,45.5
-8,57,45.5
-8,-63,45.5
-8,67,45.5
-8,7,45.5
-8,-73,45.5
-8,77,45.5
-88,-13,45.5
-88,17,45.5
-88,-23,45.5
-88,27,45.5
-8,-83,45.5
-88,-3,45.5
-88,-33,45.5
-88,37,45.5
-88,-43,45.5
-88,47,45.5
-88,57,45.5
-88,67,45.5
-88,7,45.5
-8,-93,45.5
92,-13,45.5
92,-23,45.5
92,-33,45.5
92,-43,45.5
92,-53,45.5
92,-63,45.5
92,-73,45.5
92,-83,45.5
-98,-13,45.5
-98,17,45.5
-98,-23,45.5
-98,27,45.5
-98,-3,45.5
-98,-33,45.5
-98,37,45.5
-98,-43,45.5
-98,47,45.5
-98,57,45.5
-98,7,45.5
-106,14,55.5
-106,-16,55.5
-106,24,55.5
-106,-26,55.5
-106,34,55.5
-106,-36,55.5
-106,4,55.5
-106,44,55.5
-106,54,55.5
-106,-6,55.5
-106,64,55.5
-106,74,55.5
-116,14,55.5
-116,-16,55.5
-116,24,55.5
-116,-26,55.5
-116,34,55.5
-116,4,55.5
-116,44,55.5
-116,54,55.5
-116,-6,55.5
-116,64,55.5
-126,14,55.5
-126,-16,55.5
-126,24,55.5
-126,34,55.5
-126,4,55.5
-126,44,55.5
-126,54,55.5
-126,-6,55.5
-126,64,55.5
-136,14,55.5
-136,24,55.5
-136,34,55.5
-136,4,55.5
-136,44,55.5
-136,54,55.5
-136,-6,55.5
14,14,55.5
14,-16,55.5
14,24,55.5
14,-26,55.5
14,34,55.5
14,-36,55.5
14,4,55.5
14,44,55.5
14,-46,55.5
14,54,55.5
14,-56,55.5
14,-6,55.5
-146,14,55.5
-146,24,55.5
-146,34,55.5
-146,4,55.5
14,64,55.5
-146,44,55.5
14,-66,55.5
14,74,55.5
14,-76,55.5
14,84,55.5
14,94,55.5
-156,24,55.5
-16,14,55.5
-16,-16,55.5
-16,24,55.5
-16,-26,55.5
-16,34,55.5
-16,-36,55.5
-16,4,55.5
-16,44,55.5
-16,-46,55.5
-16,54,55.5
-16,-56,55.5
-16,-6,55.5
-16,64,55.5
-16,-66,55.5
-16,74,55.5
-16,-76,55.5
-16,84,55.5
24,14,55.5
24,-16,55.5
24,24,55.5
24,-26,55.5
24,34,55.5
24,-36,55.5
24,4,55.5
24,44,55.5
24,-46,55.5
24,54,55.5
24,-56,55.5
24,-6,55.5
24,64,55.5
24,-66,55.5
24,74,55.5
24,-76,55.5
24,84,55.5
24,94,55.5
-26,14,55.5
-26,-16,55.5
-26,24,55.5
-26,-26,55.5
-26,34,55.5
-26,-36,55.5
-26,4,55.5
-26,44,55.5
-26,-46,55.5
-26,54,55.5
-26,-56,55.5
-26,-6,55.5
-26,64,55.5
-26,-66,55.5
-26,74,55.5
-26,-76,55.5
-26,84,55.5
34,14,55.5
34,-16,55.5
34,24,55.5
34,-26,55.5
34,34,55.5
34,-36,55.5
34,4,55.5
34,44,55.5
34,-46,55.5
34,54,55.5
34,-56,55.5
34,-6,55.5
34,64,55.5
34,-66,55.5
34,74,55.5
34,-76,55.5
34,84,55.5
34,94,55.5
-36,14,55.5
-36,-16,55.5
-36,24,55.5
-36,-26,55.5
-36,34,55.5
-36,-36,55.5
-36,4,55.5
-36,44,55.5
-36,-46,55.5
-36,54,55.5
-36,-56,55.5
-36,-6,55.5
-36,64,55.5
-36,-66,55.5
-36,74,55.5
-36,-76,55.5
-36,84,55.5
4,14,55.5
4,-16,55.5
4,24,55.5
4,-26,55.5
4,34,55.5
4,-36,55.5
4,4,55.5
44,14,55.5
44,-16,55.5
44,24,55.5
44,-26,55.5
44,34,55.5
44,-36,55.5
4,44,55.5
44,4,55.5
44,44,55.5
44,-46,55.5
44,54,55.5
44,-56,55.5
4,-46,55.5
44,-6,55.5
44,64,55.5
44,-66,55.5
44,74,55.5
44,-76,55.5
44,84,55.5
44,94,55.5
4,54,55.5
4,-56,55.5
4,-6,55.5
-46,14,55.5
-46,-16,55.5
-46,24,55.5
-46,-26,55.5
-46,34,55.5
-46,-36,55.5
-46,4,55.5
4,64,55.5
-46,44,55.5
-46,-46,55.5
-46,54,55.5
-46,-56,55.5
-46,-6,55.5
4,-66,55.5
-46,64,55.5
-46,-66,55.5
-46,74,55.5
-46,-76,55.5
-46,84,55.5
4,74,55.5
4,-76,55.5
4,84,55.5
4,94,55.5
54,14,55.5
54,-16,55.5
54,24,55.5
54,-26,55.5
54,34,55.5
54,-36,55.5
54,4,55.5
54,44,55.5
54,-46,55.5
54,54,55.5
54,-56,55.5
54,-6,55.5
54,64,55.5
54,-66,55.5
54,74,55.5
54,84,55.5
54,94,55.5
-56,14,55.5
-56,-16,55.5
-56,24,55.5
-56,-26,55.5
-56,34,55.5
-56,-36,55.5
-56,4,55.5
-56,44,55.5
-56,-46,55.5
-56,54,55.5
-56,-56,55.5
-56,-6,55.5
-56,64,55.5
-56,-66,55.5
-56,74,55.5
-56,-76,55.5
-56,84,55.5
-6,14,55.5
-6,-16,55.5
-6,24,55.5
-6,-26,55.5
-6,34,55.5
-6,-36,55.5
-6,4,55.5
64,14,55.5
64,-16,55.5
64,24,55.5
64,-26,55.5
64,34,55.5
64,-36,55.5
-6,44,55.5
64,4,55.5
64,44,55.5
64,-46,55.5
64,54,55.5
64,-56,55.5
-6,-46,55.5
64,-6,55.5
64,64,55.5
64,-66,55.5
64,74,55.5
64,84,55.5
64,94,55.5
-6,54,55.5
-6,-56,55.5
-6,-6,55.5
-66,14,55.5
-66,-16,55.5
-66,24,55.5
-66,-26,55.5
-66,34,55.5
-66,-36,55.5
-6,64,55.5
-66,4,55.5
-66,44,55.5
-66,-46,55.5
-66,54,55.5
-66,-56,55.5
-6,-66,55.5
-66,-6,55.5
-66,64,55.5
-66,-66,55.5
-66,74,55.5
-66,84,55.5
-6,74,55.5
-6,-76,55.5
-6,84,55.5
74,14,55.5
74,-16,55.5
74,24,55.5
74,-26,55.5
74,34,55.5
74,-36,55.5
74,4,55.5
74,44,55.5
74,-46,55.5
74,54,55.5
74,-56,55.5
74,-6,55.5
74,64,55.5
74,-66,55.5
74,74,55.5
74,84,55.5
74,94,55.5
-76,14,55.5
-76,-16,55.5
-76,24,55.5
-76,-26,55.5
-76,34,55.5
-76,-36,55.5
-76,4,55.5
-76,44,55.5
-76,-46,55.5
-76,54,55.5
-76,-56,55.5
-76,-6,55.5
-76,64,55.5
-76,74,55.5
-76,84,55.5
84,14,55.5
84,-16,55.5
84,24,55.5
84,-26,55.5
84,34,55.5
84,-36,55.5
84,4,55.5
84,44,55.5
84,-46,55.5
84,54,55.5
84,-56,55.5
84,-6,55.5
84,64,55.5
84,-66,55.5
84,74,55.5
84,84,55.5
84,94,55.5
-86,14,55.5
-86,-16,55.5
-86,24,55.5
-86,-26,55.5
-86,34,55.5
-86,-36,55.5
-86,4,55.5
-86,44,55.5
-86,-46,55.5
-86,54,55.5
-86,-56,55.5
-86,-6,55.5
-86,64,55.5
-86,74,55.5
-86,84,55.5
94,-16,55.5
94,-26,55.5
94,-36,55.5
94,-46,55.5
94,-56,55.5
94,-6,55.5
94,-66,55.5
-96,14,55.5
-96,-16,55.5
-96,24,55.5
-96,-26,55.5
-96,34,55.5
-96,-36,55.5
-96,4,55.5
-96,44,55.5
-96,-46,55.5
-96,54,55.5
-96,-6,55.5
-96,64,55.5
-96,74,55.5
-108,1,65.5
-108,11,65.5
-108,-19,65.5
-108,21,65.5
-108,-29,65.5
-108,31,65.5
-108,41,65.5
-108,51,65.5
-108,61,65.5
-108,71,65.5
-108,81,65.5
-108,-9,65.5
-118,1,65.5
-118,11,65.5
-118,-19,65.5
-118,21,65.5
-118,31,65.5
-118,41,65.5
-118,51,65.5
-118,61,65.5
-118,71,65.5
-118,81,65.5
-118,-9,65.5
12,1,65.5
12,101,65.5
12,11,65.5
12,-19,65.5
12,21,65.5
12,-29,65.5
12,31,65.5
12,-39,65.5
12,41,65.5
12,-49,65.5
12,51,65.5
12,-59,65.5
12,61,65.5
12,71,65.5
-128,1,65.5
12,81,65.5
-128,11,65.5
-128,21,65.5
-128,31,65.5
-128,41,65.5
-128,51,65.5
-128,61,65.5
-128,71,65.5
-128,-9,65.5
12,-9,65.5
12,91,65.5
-138,11,65.5
-138,21,65.5
-138,31,65.5
-138,41,65.5
-138,51,65.5
-138,61,65.5
-18,1,65.5
-18,101,65.5
-18,11,65.5
-18,-19,65.5
-18,21,65.5
-18,-29,65.5
-18,31,65.5
-18,-39,65.5
-18,41,65.5
-18,-49,65.5
-18,51,65.5
-18,-59,65.5
-18,61,65.5
-18,71,65.5
-18,81,65.5
-18,-9,65.5
-18,91,65.5
2,1,65.5
2,101,65.5
2,11,65.5
2,-19,65.5
2,21,65.5
22,1,65.5
22,101,65.5
22,11,65.5
22,-19,65.5
22,21,65.5
22,-29,65.5
22,31,65.5
22,-39,65.5
22,41,65.5
22,-49,65.5
22,51,65.5
22,-59,65.5
22,61,65.5
22,71,65.5
22,81,65.5
2,-29,65.5
22,-9,65.5
22,91,65.5
2,31,65.5
2,-39,65.5
2,41,65.5
2,-49,65.5
2,51,65.5
2,-59,65.5
2,61,65.5
2,71,65.5
-28,1,65.5
2,81,65.5
-28,101,65.5
-28,11,65.5
-28,-19,65.5
-28,21,65.5
-28,-29,65.5
-28,31,65.5
-28,-39,65.5
-28,41,65.5
-28,-49,65.5
-28,51,65.5
-28,-59,65.5
-28,61,65.5
-28,71,65.5
-28,81,65.5
-28,-9,65.5
-28,91,65.5
2,-9,65.5
2,91,65.5
32,1,65.5
32,101,65.5
32,11,65.5
32,111,65.5
32,-19,65.5
32,21,65.5
32,-29,65.5
32,31,65.5
32,-39,65.5
32,41,65.5
32,-49,65.5
32,51,65.5
32,-59,65.5
32,61,65.5
32,71,65.5
32,81,65.5
32,-9,65.5
32,91,65.5
-38,1,65.5
-38,101,65.5
-38,11,65.5
-38,-19,65.5
-38,21,65.5
-38,-29,65.5
-38,31,65.5
-38,-39,65.5
-38,41,65.5
-38,-49,65.5
-38,51,65.5
-38,-59,65.5
-38,61,65.5
-38,71,65.5
-38,81,65.5
-38,-9,65.5
-38,91,65.5
42,1,65.5
42,101,65.5
42,11,65.5
42,111,65.5
42,-19,65.5
42,21,65.5
42,-29,65.5
42,31,65.5
42,-39,65.5
42,41,65.5
42,-49,65.5
42,51,65.5
42,-59,65.5
42,61,65.5
42,71,65.5
42,81,65.5
42,-9,65.5
42,91,65.5
-48,1,65.5
-48,101,65.5
-48,11,65.5
-48,-19,65.5
-48,21,65.5
-48,-29,65.5
-48,31,65.5
-48,-39,65.5
-48,41,65.5
-48,-49,65.5
-48,51,65.5
-48,-59,65.5
-48,61,65.5
-48,71,65.5
-48,81,65.5
-48,-9,65.5
-48,91,65.5
52,1,65.5
52,101,65.5
52,11,65.5
52,111,65.5
52,-19,65.5
52,21,65.5
52,-29,65.5
52,31,65.5
52,-39,65.5
52,41,65.5
52,-49,65.5
52,51,65.5
52,-59,65.5
52,61,65.5
52,71,65.5
52,81,65.5
52,-9,65.5
52,91,65.5
-58,1,65.5
-58,101,65.5
-58,11,65.5
-58,-19,65.5
-58,21,65.5
-58,-29,65.5
-58,31,65.5
-58,-39,65.5
-58,41,65.5
-58,-49,65.5
-58,51,65.5
-58,-59,65.5
-58,61,65.5
-58,71,65.5
-58,81,65.5
-58,-9,65.5
-58,91,65.5
62,1,65.5
62,101,65.5
62,11,65.5
62,111,65.5
62,-19,65.5
62,21,65.5
62,-29,65.5
62,31,65.5
62,-39,65.5
62,41,65.5
62,-49,65.5
62,51,65.5
62,61,65.5
62,71,65.5
62,81,65.5
62,-9,65.5
62,91,65.5
-68,1,65.5
-68,101,65.5
-68,11,65.5
-68,-19,65.5
-68,21,65.5
-68,-29,65.5
-68,31,65.5
-68,-39,65.5
-68,41,65.5
-68,-49,65.5
-68,51,65.5
-68,-59,65.5
-68,61,65.5
-68,71,65.5
-68,81,65.5
-68,-9,65.5
-68,91,65.5
72,1,65.5
72,101,65.5
72,11,65.5
72,111,65.5
72,-19,65.5
72,21,65.5
72,-29,65.5
72,31,65.5
72,-39,65.5
72,41,65.5
72,-49,65.5
72,51,65.5
72,61,65.5
72,71,65.5
72,81,65.5
72,-9,65.5
72,91,65.5
-78,1,65.5
-78,101,65.5
-78,11,65.5
-78,-19,65.5
-78,21,65.5
-78,-29,65.5
-78,31,65.5
-78,-39,65.5
-78,41,65.5
-78,-49,65.5
-78,51,65.5
-78,-59,65.5
-78,61,65.5
-78,71,65.5
-78,81,65.5
-78,-9,65.5
-78,91,65.5
-8,1,65.5
-8,101,65.5
-8,11,65.5
-8,-19,65.5
-8,21,65.5
82,1,65.5
82,11,65.5
82,-19,65.5
82,21,65.5
82,-29,65.5
82,31,65.5
82,-39,65.5
82,-49,65.5
-8,-29,65.5
82,-9,65.5
-8,31,65.5
-8,-39,65.5
-8,41,65.5
-8,-49,65.5
-8,51,65.5
-8,-59,65.5
-8,61,65.5
-8,71,65.5
-8,81,65.5
-88,1,65.5
-88,11,65.5
-88,-19,65.5
-88,21,65.5
-88,-29,65.5
-88,31,65.5
-88,-39,65.5
-88,41,65.5
-88,-49,65.5
-88,51,65.5
-88,61,65.5
-88,71,65.5
-88,81,65.5
-88,-9,65.5
-88,91,65.5
-8,-9,65.5
-8,91,65.5
92,-29,65.5
92,-39,65.5
92,-49,65.5
-98,1,65.5
-98,11,65.5
-98,-19,65.5
-98,21,65.5
-98,-29,65.5
-98,31,65.5
-98,-39,65.5
-98,41,65.5
-98,51,65.5
-98,61,65.5
-98,71,65.5
-98,81,65.5
-98,-9,65.5
-98,91,65.5
-101,-12,75.5
-101,18,75.5
-101,-2,75.5
-101,-22,75.5
-101,28,75.5
-101,38,75.5
-101,48,75.5
-101,58,75.5
-101,68,75.5
-101,78,75.5
-101,8,75.5
-101,88,75.5
-101,98,75.5
-1,108,75.5
-11,108,75.5
-111,-12,75.5
-11,118,75.5
-111,18,75.5
-11,-12,75.5
-111,-2,75.5
-111,28,75.5
-111,38,75.5
-111,48,75.5
-111,58,75.5
-111,68,75.5
-111,78,75.5
-1,118,75.5
-11,18,75.5
-111,8,75.5
-111,88,75.5
-1,-12,75.5
-11,-2,75.5
-11,-22,75.5
-11,28,75.5
-11,-32,75.5
-11,38,75.5
-11,-42,75.5
-11,48,75.5
-11,58,75.5
-11,68,75.5
-11,78,75.5
-1,18,75.5
-11,8,75.5
-11,88,75.5
-11,98,75.5
-1,-2,75.5
-121,18,75.5
-121,28,75.5
-121,38,75.5
-121,48,75.5
-121,58,75.5
-121,68,75.5
-121,78,75.5
-121,8,75.5
-1,-22,75.5
-1,28,75.5
-131,48,75.5
-1,-32,75.5
-1,38,75.5
-1,-42,75.5
-1,48,75.5
-1,58,75.5
-1,68,75.5
-1,78,75.5
-1,8,75.5
-1,88,75.5
19,108,75.5
19,118,75.5
19,-12,75.5
19,18,75.5
19,-2,75.5
19,-22,75.5
19,28,75.5
19,-32,75.5
19,38,75.5
19,-42,75.5
19,48,75.5
19,58,75.5
19,68,75.5
19,78,75.5
-1,98,75.5
19,8,75.5
19,88,75.5
19,98,75.5
-21,108,75.5
-21,118,75.5
-21,-12,75.5
-21,18,75.5
-21,-2,75.5
-21,-22,75.5
-21,28,75.5
-21,-32,75.5
-21,38,75.5
-21,-42,75.5
-21,48,75.5
-21,58,75.5
-21,68,75.5
-21,78,75.5
-21,8,75.5
-21,88,75.5
-21,98,75.5
29,108,75.5
29,118,75.5
29,-12,75.5
29,18,75.5
29,-2,75.5
29,-22,75.5
29,28,75.5
29,-32,75.5
29,38,75.5
29,-42,75.5
29,48,75.5
29,58,75.5
29,68,75.5
29,78,75.5
29,8,75.5
29,88,75.5
29,98,75.5
-31,108,75.5
-31,118,75.5
-31,-12,75.5
-31,18,75.5
-31,-2,75.5
-31,-22,75.5
-31,28,75.5
-31,-32,75.5
-31,38,75.5
-31,-42,75.5
-31,48,75.5
-31,58,75.5
-31,68,75.5
-31,78,75.5
-31,8,75.5
-31,88,75.5
-31,98,75.5
39,108,75.5
39,118,75.5
39,-12,75.5
39,18,75.5
39,-2,75.5
39,-22,75.5
39,28,75.5
39,-32,75.5
39,38,75.5
39,-42,75.5
39,48,75.5
39,58,75.5
39,68,75.5
39,78,75.5
39,8,75.5
39,88,75.5
39,98,75.5
-41,108,75.5
-41,118,75.5
-41,-12,75.5
-41,18,75.5
-41,-2,75.5
-41,-22,75.5
-41,28,75.5
-41,-32,75.5
-41,38,75.5
-41,-42,75.5
-41,48,75.5
-41,58,75.5
-41,68,75.5
-41,78,75.5
-41,8,75.5
-41,88,75.5
-41,98,75.5
49,108,75.5
49,118,75.5
49,-12,75.5
49,18,75.5
49,-2,75.5
49,-22,75.5
49,28,75.5
49,-32,75.5
49,38,75.5
49,-42,75.5
49,48,75.5
49,58,75.5
49,68,75.5
49,78,75.5
49,8,75.5
49,88,75.5
49,98,75.5
-51,108,75.5
-51,118,75.5
-51,-12,75.5
-51,18,75.5
-51,-2,75.5
-51,-22,75.5
-51,28,75.5
-51,-32,75.5
-51,38,75.5
-51,-42,75.5
-51,48,75.5
-51,58,75.5
-51,68,75.5
-51,78,75.5
-51,8,75.5
-51,88,75.5
-51,98,75.5
59,108,75.5
59,118,75.5
59,-12,75.5
59,128,75.5
59,18,75.5
59,-2,75.5
59,-22,75.5
59,28,75.5
59,-32,75.5
59,38,75.5
59,48,75.5
59,58,75.5
59,68,75.5
59,78,75.5
59,8,75.5
59,88,75.5
59,98,75.5
-61,108,75.5
-61,-12,75.5
-61,18,75.5
-61,-2,75.5
-61,-22,75.5
-61,28,75.5
-61,-32,75.5
-61,38,75.5
-61,-42,75.5
-61,48,75.5
-61,58,75.5
-61,68,75.5
-61,78,75.5
-61,8,75.5
-61,88,75.5
-61,98,75.5
69,-12,75.5
69,18,75.5
69,-2,75.5
69,-22,75.5
69,-32,75.5
69,8,75.5
-71,108,75.5
-71,-12,75.5
-71,18,75.5
-71,-2,75.5
-71,-22,75.5
-71,28,75.5
-71,-32,75.5
-71,38,75.5
-71,-42,75.5
-71,48,75.5
-71,58,75.5
-71,68,75.5
-71,78,75.5
-71,8,75.5
-71,88,75.5
-71,98,75.5
-81,108,75.5
-81,-12,75.5
-81,18,75.5
-81,-2,75.5
-81,-22,75.5
-81,28,75.5
-81,-32,75.5
-81,38,75.5
-81,-42,75.5
-81,48,75.5
-81,58,75.5
-81,68,75.5
-81,78,75.5
-81,8,75.5
-81,88,75.5
-81,98,75.5
9,108,75.5
-91,-12,75.5
-91,18,75.5
9,118,75.5
-91,-2,75.5
9,-12,75.5
-91,-22,75.5
-91,28,75.5
-91,-32,75.5
-91,38,75.5
-91,48,75.5
-91,58,75.5
-91,68,75.5
-91,78,75.5
-91,8,75.5
9,18,75.5
-91,88,75.5
-91,98,75.5
9,-2,75.5
9,-22,75.5
9,28,75.5
9,-32,75.5
9,38,75.5
9,-42,75.5
9,48,75.5
9,58,75.5
9,68,75.5
9,78,75.5
9,8,75.5
9,88,75.5
9,98,75.5
0,105,85.5
0,115,85.5
0,125,85.5
0,135,85.5
0,15,85.5
0,-15,85.5
0,25,85.5
0,-25,85.5
0,35,85.5
0,45,85.5
0,5,85.5
0,-5,85.5
0,55,85.5
0,65,85.5
0,75,85.5
0,85,85.5
0,95,85.5
-100,55,85.5
-10,105,85.5
10,105,85.5
-10,115,85.5
10,115,85.5
-10,125,85.5
10,125,85.5
-10,135,85.5
10,135,85.5
-10,15,85.5
-10,-15,85.5
10,15,85.5
10,-15,85.5
-10,25,85.5
-10,-25,85.5
10,25,85.5
10,-25,85.5
-10,35,85.5
10,35,85.5
-10,45,85.5
10,45,85.5
-10,5,85.5
-10,-5,85.5
10,5,85.5
10,-5,85.5
-10,55,85.5
10,55,85.5
-10,65,85.5
10,65,85.5
-10,75,85.5
10,75,85.5
-10,85,85.5
10,85,85.5
-10,95,85.5
10,95,85.5
-20,105,85.5
20,105,85.5
-20,115,85.5
20,115,85.5
-20,125,85.5
20,125,85.5
20,135,85.5
-20,15,85.5
-20,-15,85.5
20,15,85.5
20,-15,85.5
-20,25,85.5
-20,-25,85.5
20,25,85.5
20,-25,85.5
-20,35,85.5
20,35,85.5
-20,45,85.5
20,45,85.5
-20,5,85.5
-20,-5,85.5
20,5,85.5
20,-5,85.5
-20,55,85.5
20,55,85.5
-20,65,85.5
20,65,85.5
-20,75,85.5
20,75,85.5
-20,85,85.5
20,85,85.5
-20,95,85.5
20,95,85.5
-30,105,85.5
30,105,85.5
-30,115,85.5
30,115,85.5
-30,125,85.5
30,125,85.5
30,135,85.5
-30,15,85.5
-30,-15,85.5
30,15,85.5
30,-15,85.5
-30,25,85.5
-30,-25,85.5
30,25,85.5
30,-25,85.5
-30,35,85.5
30,35,85.5
-30,45,85.5
30,45,85.5
-30,5,85.5
-30,-5,85.5
30,5,85.5
30,-5,85.5
-30,55,85.5
30,55,85.5
-30,65,85.5
30,65,85.5
-30,75,85.5
30,75,85.5
-30,85,85.5
30,85,85.5
-30,95,85.5
30,95,85.5
-40,105,85.5
-40,115,85.5
-40,125,85.5
-40,15,85.5
-40,-15,85.5
40,15,85.5
40,-15,85.5
-40,25,85.5
-40,-25,85.5
40,25,85.5
-40,35,85.5
40,35,85.5
-40,45,85.5
40,45,85.5
-40,5,85.5
-40,-5,85.5
40,5,85.5
40,-5,85.5
-40,55,85.5
40,55,85.5
-40,65,85.5
-40,75,85.5
-40,85,85.5
-40,95,85.5
-50,105,85.5
-50,115,85.5
-50,15,85.5
-50,-15,85.5
50,-15,85.5
-50,25,85.5
-50,-25,85.5
-50,35,85.5
-50,45,85.5
-50,5,85.5
-50,-5,85.5
50,-5,85.5
-50,55,85.5
-50,65,85.5
-50,75,85.5
-50,85,85.5
-50,95,85.5
-60,105,85.5
-60,115,85.5
-60,15,85.5
-60,-15,85.5
-60,25,85.5
-60,-25,85.5
-60,35,85.5
-60,45,85.5
-60,5,85.5
-60,-5,85.5
-60,55,85.5
-60,65,85.5
-60,75,85.5
-60,85,85.5
-60,95,85.5
-70,105,85.5
-70,15,85.5
-70,-15,85.5
-70,25,85.5
-70,-25,85.5
-70,35,85.5
-70,45,85.5
-70,5,85.5
-70,-5,85.5
-70,55,85.5
-70,65,85.5
-70,75,85.5
-70,85,85.5
-70,95,85.5
-80,105,85.5
-80,15,85.5
-80,-15,85.5
-80,25,85.5
-80,35,85.5
-80,45,85.5
-80,5,85.5
-80,-5,85.5
-80,55,85.5
-80,65,85.5
-80,75,85.5
-80,85,85.5
-80,95,85.5
-90,15,85.5
-90,25,85.5
-90,35,85.5
-90,45,85.5
-90,55,85.5
-90,65,85.5
-90,75,85.5
-90,85,85.5
-14,102,95.5
-14,112,95.5
-14,12,95.5
-14,122,95.5
-14,2,95.5
-14,22,95.5
-14,32,95.5
-14,42,95.5
-14,52,95.5
-14,62,95.5
-14,72,95.5
-14,-8,95.5
-14,82,95.5
-14,92,95.5
16,2,95.5
-24,102,95.5
-24,112,95.5
-24,12,95.5
-24,2,95.5
-24,22,95.5
-24,32,95.5
-24,42,95.5
-24,52,95.5
-24,62,95.5
-24,72,95.5
-24,-8,95.5
-24,82,95.5
-24,92,95.5
-34,102,95.5
-34,12,95.5
-34,2,95.5
-34,22,95.5
-34,32,95.5
-34,42,95.5
-34,52,95.5
-34,62,95.5
-34,72,95.5
-34,82,95.5
-34,92,95.5
-4,102,95.5
-4,112,95.5
-4,12,95.5
-4,122,95.5
-4,132,95.5
-4,2,95.5
-4,22,95.5
-4,32,95.5
-4,42,95.5
-44,52,95.5
-44,62,95.5
-44,72,95.5
-4,52,95.5
-4,62,95.5
-4,72,95.5
-4,-8,95.5
-4,82,95.5
-4,92,95.5
6,12,95.5
6,2,95.5
6,22,95.5
6,32,95.5
6,42,95.5
6,52,95.5
6,62,95.5
6,-8,95.5
